Age,GKDiving,GKHandling,GKKicking,GKPositioning,GKReflexes,Skill Moves,Reactions,Vision,Composure,LongPassing,Strength,Jumping,Overall
40,78.0,67.0,90.0,84.0,70.0,1.0,75.0,25.0,49.0,58.0,72.0,66.0,75
27,87.0,82.0,93.0,88.0,88.0,1.0,88.0,70.0,70.0,66.0,78.0,66.0,89
35,88.0,88.0,91.0,89.0,88.0,1.0,87.0,70.0,70.0,68.0,80.0,77.0,90
27,83.0,78.0,87.0,80.0,86.0,1.0,80.0,69.0,65.0,56.0,70.0,77.0,83
24,84.0,80.0,87.0,83.0,86.0,1.0,83.0,64.0,64.0,53.0,79.0,80.0,84
25,83.0,81.0,85.0,84.0,86.0,1.0,82.0,60.0,65.0,46.0,78.0,74.0,84
28,85.0,83.0,82.0,83.0,85.0,1.0,80.0,66.0,60.0,51.0,70.0,60.0,84
29,78.0,75.0,85.0,75.0,79.0,1.0,58.0,63.0,61.0,54.0,64.0,76.0,76
29,88.0,85.0,88.0,88.0,90.0,1.0,86.0,70.0,70.0,63.0,78.0,79.0,90
32,73.0,71.0,72.0,72.0,76.0,1.0,71.0,69.0,67.0,65.0,65.0,70.0,74
30,86.0,79.0,76.0,79.0,87.0,1.0,83.0,61.0,63.0,43.0,55.0,67.0,84
32,79.0,69.0,68.0,66.0,80.0,1.0,70.0,48.0,63.0,31.0,60.0,73.0,74
28,87.0,92.0,78.0,90.0,90.0,1.0,88.0,65.0,68.0,40.0,78.0,78.0,91
27,74.0,70.0,77.0,75.0,74.0,1.0,65.0,40.0,56.0,39.0,72.0,84.0,74
26,79.0,69.0,76.0,71.0,79.0,1.0,71.0,50.0,53.0,37.0,69.0,73.0,75
35,78.0,77.0,71.0,81.0,79.0,1.0,78.0,55.0,60.0,48.0,83.0,67.0,79
28,86.0,86.0,84.0,90.0,89.0,1.0,87.0,66.0,65.0,44.0,78.0,52.0,89
35,78.0,80.0,72.0,82.0,79.0,1.0,78.0,62.0,60.0,47.0,68.0,84.0,80
28,73.0,72.0,86.0,74.0,85.0,1.0,78.0,66.0,59.0,55.0,73.0,77.0,78
22,91.0,83.0,79.0,85.0,90.0,1.0,85.0,60.0,68.0,34.0,72.0,72.0,89
30,84.0,78.0,70.0,80.0,86.0,1.0,82.0,48.0,65.0,31.0,73.0,82.0,82
34,88.0,83.0,65.0,84.0,90.0,1.0,85.0,50.0,65.0,50.0,43.0,74.0,87
34,81.0,79.0,77.0,77.0,82.0,1.0,74.0,52.0,62.0,33.0,62.0,68.0,80
33,82.0,77.0,76.0,80.0,83.0,1.0,81.0,65.0,64.0,34.0,59.0,75.0,81
33,82.0,80.0,77.0,80.0,83.0,1.0,76.0,64.0,66.0,32.0,77.0,79.0,82
32,79.0,78.0,72.0,83.0,85.0,1.0,78.0,25.0,49.0,22.0,75.0,70.0,81
34,84.0,78.0,80.0,83.0,90.0,1.0,82.0,59.0,67.0,46.0,64.0,60.0,85
29,85.0,80.0,76.0,83.0,85.0,1.0,78.0,56.0,62.0,48.0,70.0,73.0,83
32,79.0,81.0,84.0,86.0,86.0,1.0,82.0,64.0,57.0,31.0,68.0,73.0,85
27,77.0,75.0,73.0,75.0,79.0,1.0,74.0,48.0,55.0,35.0,72.0,75.0,77
21,76.0,77.0,77.0,76.0,74.0,1.0,68.0,64.0,63.0,18.0,78.0,69.0,76
34,80.0,78.0,84.0,78.0,84.0,1.0,82.0,25.0,49.0,36.0,68.0,70.0,81
36,74.0,72.0,76.0,74.0,74.0,1.0,72.0,68.0,66.0,53.0,67.0,67.0,74
26,80.0,79.0,72.0,80.0,82.0,1.0,74.0,62.0,62.0,41.0,52.0,71.0,80
33,78.0,74.0,74.0,74.0,73.0,1.0,73.0,57.0,60.0,48.0,79.0,68.0,76
37,76.0,72.0,73.0,78.0,76.0,1.0,74.0,33.0,57.0,39.0,69.0,78.0,76
38,80.0,80.0,70.0,75.0,77.0,1.0,70.0,50.0,60.0,35.0,75.0,82.0,78
26,81.0,78.0,74.0,80.0,85.0,1.0,80.0,60.0,64.0,56.0,75.0,61.0,82
24,75.0,73.0,77.0,74.0,77.0,1.0,67.0,53.0,65.0,39.0,70.0,75.0,75
30,82.0,78.0,67.0,81.0,83.0,1.0,80.0,48.0,55.0,35.0,48.0,80.0,81
43,73.0,70.0,77.0,69.0,70.0,1.0,71.0,51.0,41.0,32.0,55.0,62.0,72
29,84.0,89.0,74.0,86.0,88.0,1.0,84.0,44.0,66.0,35.0,70.0,68.0,89
34,78.0,81.0,78.0,83.0,80.0,1.0,76.0,42.0,63.0,43.0,77.0,71.0,81
20,67.0,65.0,66.0,64.0,68.0,1.0,63.0,36.0,41.0,42.0,59.0,69.0,67
37,78.0,75.0,78.0,68.0,69.0,1.0,65.0,36.0,49.0,28.0,67.0,62.0,72
25,80.0,75.0,73.0,78.0,81.0,1.0,75.0,42.0,60.0,27.0,67.0,80.0,79
34,78.0,74.0,67.0,75.0,76.0,1.0,71.0,41.0,56.0,40.0,74.0,77.0,76
38,77.0,78.0,79.0,79.0,77.0,1.0,74.0,65.0,64.0,39.0,70.0,71.0,78
31,86.0,82.0,73.0,87.0,88.0,1.0,82.0,48.0,65.0,36.0,65.0,71.0,87
29,75.0,73.0,73.0,75.0,77.0,1.0,71.0,53.0,57.0,18.0,67.0,71.0,75
32,83.0,77.0,74.0,80.0,84.0,1.0,78.0,68.0,60.0,45.0,73.0,73.0,81
26,80.0,75.0,73.0,76.0,76.0,1.0,74.0,25.0,49.0,25.0,84.0,73.0,77
34,74.0,70.0,72.0,69.0,74.0,1.0,71.0,62.0,60.0,28.0,71.0,69.0,73
36,70.0,67.0,76.0,70.0,67.0,1.0,70.0,63.0,61.0,25.0,70.0,72.0,70
29,85.0,83.0,80.0,84.0,87.0,1.0,83.0,42.0,40.0,37.0,72.0,58.0,86
29,80.0,79.0,78.0,79.0,80.0,1.0,76.0,58.0,61.0,23.0,73.0,65.0,80
33,71.0,73.0,73.0,72.0,74.0,1.0,68.0,42.0,53.0,27.0,71.0,70.0,73
24,69.0,69.0,78.0,69.0,70.0,1.0,63.0,50.0,65.0,30.0,73.0,58.0,70
37,66.0,68.0,66.0,72.0,69.0,1.0,73.0,47.0,45.0,46.0,73.0,73.0,70
30,79.0,69.0,67.0,71.0,76.0,1.0,75.0,42.0,31.0,22.0,82.0,78.0,75
39,77.0,75.0,70.0,78.0,79.0,1.0,73.0,61.0,68.0,39.0,71.0,73.0,77
31,76.0,74.0,67.0,70.0,79.0,1.0,75.0,54.0,59.0,35.0,70.0,76.0,75
33,79.0,73.0,73.0,80.0,83.0,1.0,71.0,50.0,45.0,19.0,62.0,64.0,79
31,85.0,84.0,76.0,82.0,86.0,1.0,81.0,44.0,45.0,31.0,74.0,67.0,85
29,79.0,77.0,70.0,81.0,82.0,1.0,77.0,53.0,62.0,29.0,75.0,73.0,80
26,77.0,75.0,74.0,75.0,77.0,1.0,66.0,42.0,61.0,27.0,74.0,68.0,76
25,73.0,73.0,76.0,70.0,74.0,1.0,72.0,65.0,49.0,30.0,38.0,70.0,74
28,69.0,71.0,83.0,70.0,70.0,1.0,67.0,57.0,53.0,52.0,60.0,64.0,71
34,77.0,70.0,71.0,81.0,80.0,1.0,78.0,25.0,63.0,36.0,75.0,65.0,78
30,74.0,74.0,75.0,75.0,77.0,1.0,70.0,57.0,61.0,37.0,67.0,57.0,75
26,71.0,74.0,67.0,72.0,73.0,1.0,61.0,33.0,43.0,38.0,75.0,67.0,72
25,76.0,74.0,73.0,79.0,77.0,1.0,75.0,52.0,53.0,33.0,75.0,61.0,77
36,81.0,81.0,65.0,92.0,87.0,1.0,79.0,41.0,69.0,40.0,69.0,78.0,86
26,84.0,74.0,80.0,84.0,82.0,1.0,74.0,35.0,55.0,29.0,73.0,66.0,81
35,68.0,66.0,73.0,69.0,72.0,1.0,59.0,67.0,31.0,39.0,64.0,65.0,69
33,80.0,75.0,76.0,84.0,82.0,1.0,74.0,43.0,61.0,34.0,72.0,69.0,80
29,71.0,70.0,68.0,70.0,74.0,1.0,64.0,44.0,30.0,42.0,68.0,72.0,71
32,76.0,72.0,69.0,75.0,78.0,1.0,72.0,50.0,32.0,24.0,67.0,75.0,77
24,82.0,77.0,76.0,85.0,84.0,1.0,72.0,44.0,42.0,37.0,76.0,63.0,82
28,80.0,79.0,72.0,80.0,83.0,1.0,75.0,46.0,62.0,27.0,80.0,62.0,80
30,76.0,79.0,82.0,81.0,83.0,1.0,73.0,53.0,44.0,38.0,62.0,57.0,80
27,66.0,63.0,58.0,68.0,72.0,1.0,69.0,38.0,21.0,43.0,78.0,66.0,68
32,70.0,70.0,74.0,69.0,69.0,1.0,62.0,62.0,51.0,60.0,78.0,74.0,70
28,77.0,73.0,75.0,77.0,79.0,1.0,65.0,49.0,62.0,45.0,67.0,67.0,76
29,81.0,83.0,75.0,83.0,84.0,1.0,78.0,45.0,63.0,35.0,75.0,72.0,83
32,72.0,73.0,72.0,76.0,74.0,1.0,71.0,60.0,54.0,28.0,79.0,62.0,74
28,81.0,80.0,72.0,80.0,82.0,1.0,80.0,45.0,58.0,33.0,75.0,61.0,81
24,70.0,68.0,73.0,72.0,74.0,1.0,68.0,58.0,37.0,20.0,63.0,68.0,72
29,72.0,65.0,65.0,65.0,74.0,1.0,65.0,53.0,59.0,40.0,77.0,75.0,69
35,71.0,73.0,72.0,71.0,77.0,1.0,71.0,47.0,57.0,37.0,78.0,72.0,74
39,82.0,87.0,85.0,93.0,75.0,1.0,68.0,40.0,49.0,27.0,68.0,60.0,83
28,72.0,67.0,70.0,68.0,74.0,1.0,68.0,55.0,63.0,28.0,78.0,64.0,71
43,76.0,73.0,70.0,90.0,76.0,1.0,78.0,50.0,70.0,35.0,65.0,69.0,80
29,70.0,69.0,68.0,69.0,72.0,1.0,70.0,58.0,57.0,40.0,65.0,62.0,71
32,76.0,69.0,68.0,71.0,77.0,1.0,74.0,61.0,60.0,46.0,65.0,70.0,74
32,73.0,72.0,68.0,70.0,75.0,1.0,67.0,42.0,50.0,33.0,77.0,65.0,73
38,71.0,73.0,71.0,75.0,76.0,1.0,64.0,55.0,61.0,18.0,60.0,69.0,74
36,82.0,82.0,71.0,83.0,82.0,1.0,75.0,52.0,63.0,32.0,65.0,69.0,82
31,81.0,80.0,79.0,79.0,82.0,1.0,82.0,41.0,52.0,25.0,69.0,73.0,82
27,70.0,66.0,74.0,67.0,73.0,1.0,68.0,42.0,41.0,30.0,63.0,74.0,70
21,79.0,77.0,75.0,77.0,71.0,1.0,76.0,70.0,48.0,18.0,85.0,70.0,77
28,69.0,67.0,66.0,67.0,67.0,1.0,62.0,52.0,47.0,28.0,60.0,70.0,68
27,84.0,78.0,67.0,78.0,84.0,1.0,82.0,46.0,56.0,24.0,68.0,74.0,81
31,76.0,68.0,70.0,75.0,78.0,1.0,68.0,66.0,64.0,41.0,77.0,58.0,74
31,70.0,67.0,64.0,67.0,72.0,1.0,69.0,54.0,47.0,23.0,66.0,77.0,70
31,72.0,68.0,75.0,69.0,74.0,1.0,67.0,48.0,28.0,20.0,66.0,80.0,72
38,72.0,68.0,74.0,68.0,69.0,1.0,67.0,58.0,65.0,30.0,59.0,72.0,70
35,79.0,75.0,71.0,81.0,83.0,1.0,74.0,48.0,62.0,37.0,56.0,75.0,80
36,74.0,74.0,74.0,74.0,74.0,1.0,74.0,52.0,65.0,26.0,77.0,75.0,76
30,79.0,73.0,69.0,75.0,76.0,1.0,75.0,47.0,47.0,33.0,64.0,67.0,76
30,82.0,79.0,76.0,81.0,84.0,1.0,80.0,60.0,57.0,44.0,69.0,48.0,82
27,71.0,70.0,70.0,73.0,74.0,1.0,70.0,52.0,51.0,42.0,69.0,67.0,73
25,72.0,69.0,60.0,70.0,79.0,1.0,68.0,33.0,61.0,34.0,65.0,70.0,72
33,70.0,66.0,66.0,69.0,71.0,1.0,63.0,63.0,62.0,33.0,75.0,74.0,69
30,66.0,64.0,63.0,65.0,66.0,1.0,68.0,47.0,62.0,31.0,66.0,53.0,66
24,73.0,70.0,72.0,69.0,75.0,1.0,66.0,38.0,47.0,29.0,61.0,68.0,72
31,74.0,74.0,61.0,75.0,80.0,1.0,71.0,50.0,61.0,35.0,63.0,68.0,75
28,72.0,71.0,76.0,71.0,74.0,1.0,69.0,68.0,66.0,39.0,63.0,57.0,73
33,77.0,75.0,71.0,77.0,79.0,1.0,72.0,52.0,52.0,29.0,63.0,72.0,77
36,68.0,66.0,68.0,64.0,67.0,1.0,61.0,50.0,55.0,28.0,69.0,68.0,67
28,72.0,69.0,65.0,68.0,75.0,1.0,60.0,62.0,49.0,24.0,71.0,75.0,70
35,77.0,72.0,78.0,82.0,84.0,1.0,71.0,59.0,67.0,22.0,72.0,62.0,80
34,82.0,77.0,76.0,84.0,80.0,1.0,78.0,55.0,62.0,28.0,66.0,68.0,82
28,79.0,74.0,70.0,76.0,79.0,1.0,68.0,48.0,32.0,35.0,68.0,63.0,77
30,72.0,70.0,69.0,72.0,74.0,1.0,71.0,70.0,63.0,30.0,72.0,75.0,73
27,76.0,76.0,70.0,75.0,76.0,1.0,73.0,61.0,57.0,35.0,57.0,76.0,76
28,82.0,75.0,73.0,77.0,83.0,1.0,75.0,52.0,46.0,36.0,71.0,63.0,79
35,68.0,70.0,68.0,72.0,71.0,1.0,63.0,44.0,66.0,23.0,81.0,62.0,70
31,73.0,71.0,70.0,69.0,73.0,1.0,73.0,20.0,34.0,36.0,83.0,53.0,73
33,73.0,72.0,70.0,64.0,76.0,1.0,68.0,61.0,17.0,35.0,72.0,73.0,72
30,82.0,78.0,79.0,82.0,84.0,1.0,82.0,46.0,62.0,12.0,73.0,75.0,82
30,62.0,60.0,64.0,61.0,62.0,1.0,59.0,47.0,49.0,56.0,70.0,65.0,62
32,70.0,75.0,74.0,73.0,72.0,1.0,68.0,53.0,65.0,41.0,72.0,65.0,73
26,66.0,68.0,67.0,64.0,71.0,1.0,52.0,26.0,34.0,22.0,74.0,68.0,67
35,73.0,68.0,73.0,74.0,73.0,1.0,67.0,48.0,53.0,45.0,68.0,55.0,73
30,82.0,77.0,63.0,80.0,82.0,1.0,70.0,49.0,44.0,20.0,60.0,74.0,79
25,71.0,66.0,66.0,67.0,74.0,1.0,66.0,65.0,48.0,18.0,65.0,70.0,70
32,73.0,67.0,70.0,70.0,76.0,1.0,73.0,35.0,50.0,46.0,72.0,71.0,73
31,75.0,71.0,69.0,72.0,75.0,1.0,76.0,59.0,53.0,24.0,49.0,58.0,74
36,71.0,69.0,67.0,74.0,75.0,1.0,72.0,31.0,50.0,36.0,65.0,66.0,73
23,72.0,67.0,69.0,67.0,70.0,1.0,65.0,55.0,58.0,46.0,65.0,55.0,70
22,80.0,76.0,69.0,74.0,82.0,1.0,69.0,47.0,59.0,38.0,70.0,73.0,78
32,67.0,62.0,70.0,68.0,68.0,1.0,67.0,52.0,48.0,35.0,75.0,75.0,68
34,81.0,78.0,75.0,84.0,83.0,1.0,75.0,38.0,70.0,36.0,71.0,80.0,82
23,81.0,75.0,77.0,74.0,80.0,1.0,77.0,58.0,54.0,44.0,70.0,67.0,78
29,76.0,75.0,75.0,76.0,76.0,1.0,74.0,49.0,62.0,32.0,67.0,70.0,77
33,76.0,75.0,80.0,73.0,72.0,1.0,72.0,40.0,58.0,29.0,77.0,60.0,75
23,76.0,73.0,69.0,75.0,78.0,1.0,71.0,56.0,55.0,50.0,66.0,70.0,76
28,77.0,72.0,68.0,74.0,80.0,1.0,66.0,34.0,56.0,23.0,65.0,72.0,75
30,68.0,64.0,62.0,63.0,69.0,1.0,65.0,59.0,56.0,21.0,78.0,65.0,67
34,68.0,76.0,66.0,75.0,76.0,1.0,70.0,42.0,58.0,35.0,61.0,69.0,74
32,79.0,73.0,69.0,78.0,83.0,1.0,68.0,31.0,57.0,26.0,73.0,67.0,78
34,57.0,72.0,75.0,67.0,72.0,1.0,64.0,63.0,56.0,60.0,73.0,55.0,68
28,80.0,77.0,62.0,76.0,83.0,1.0,76.0,43.0,32.0,20.0,72.0,70.0,79
23,79.0,73.0,70.0,77.0,80.0,1.0,72.0,62.0,65.0,32.0,56.0,57.0,77
32,76.0,69.0,69.0,68.0,75.0,1.0,68.0,55.0,37.0,23.0,80.0,73.0,72
40,71.0,71.0,60.0,71.0,69.0,1.0,67.0,45.0,47.0,36.0,69.0,75.0,71
28,72.0,75.0,69.0,67.0,74.0,1.0,69.0,53.0,47.0,44.0,62.0,65.0,73
29,78.0,79.0,73.0,76.0,78.0,1.0,73.0,35.0,24.0,21.0,67.0,69.0,78
27,82.0,80.0,73.0,80.0,84.0,1.0,75.0,42.0,59.0,25.0,55.0,74.0,81
25,76.0,70.0,77.0,75.0,75.0,1.0,75.0,58.0,59.0,20.0,60.0,69.0,75
32,73.0,70.0,68.0,74.0,75.0,1.0,75.0,34.0,50.0,26.0,73.0,82.0,74
37,71.0,72.0,68.0,71.0,71.0,1.0,63.0,43.0,53.0,33.0,68.0,60.0,71
27,77.0,66.0,68.0,72.0,73.0,1.0,72.0,49.0,55.0,23.0,68.0,75.0,73
28,69.0,65.0,67.0,66.0,71.0,1.0,64.0,44.0,44.0,34.0,75.0,63.0,68
27,82.0,78.0,73.0,82.0,86.0,1.0,71.0,48.0,67.0,24.0,70.0,51.0,81
37,72.0,71.0,68.0,73.0,74.0,1.0,67.0,49.0,49.0,39.0,69.0,70.0,73
40,72.0,72.0,72.0,71.0,68.0,1.0,66.0,57.0,54.0,32.0,74.0,69.0,71
31,73.0,72.0,68.0,69.0,73.0,1.0,72.0,42.0,45.0,24.0,60.0,72.0,73
30,72.0,70.0,70.0,76.0,68.0,1.0,68.0,60.0,52.0,23.0,73.0,67.0,72
30,75.0,72.0,63.0,73.0,76.0,1.0,72.0,56.0,50.0,23.0,62.0,71.0,74
30,71.0,70.0,67.0,71.0,76.0,1.0,67.0,41.0,54.0,34.0,74.0,73.0,72
26,72.0,71.0,74.0,70.0,73.0,1.0,69.0,45.0,27.0,33.0,58.0,58.0,72
37,72.0,69.0,78.0,83.0,73.0,1.0,71.0,63.0,52.0,24.0,84.0,73.0,75
35,81.0,71.0,73.0,76.0,80.0,1.0,74.0,55.0,65.0,33.0,71.0,62.0,77
28,70.0,63.0,64.0,66.0,70.0,1.0,65.0,28.0,19.0,34.0,53.0,61.0,68
30,74.0,70.0,69.0,73.0,75.0,1.0,63.0,53.0,62.0,13.0,59.0,67.0,73
26,67.0,74.0,61.0,73.0,72.0,1.0,69.0,35.0,54.0,40.0,57.0,64.0,72
38,74.0,69.0,75.0,72.0,72.0,1.0,70.0,47.0,68.0,32.0,52.0,67.0,73
31,64.0,64.0,65.0,65.0,67.0,1.0,67.0,46.0,55.0,28.0,72.0,71.0,66
33,66.0,66.0,65.0,67.0,66.0,1.0,62.0,60.0,50.0,23.0,68.0,65.0,67
27,82.0,76.0,75.0,83.0,84.0,1.0,71.0,50.0,49.0,26.0,66.0,62.0,81
34,77.0,73.0,70.0,75.0,78.0,1.0,71.0,47.0,42.0,30.0,68.0,64.0,76
28,77.0,77.0,60.0,70.0,78.0,1.0,79.0,45.0,25.0,29.0,67.0,64.0,76
32,72.0,70.0,66.0,74.0,74.0,1.0,71.0,69.0,65.0,21.0,60.0,53.0,73
26,74.0,70.0,64.0,72.0,79.0,1.0,73.0,22.0,32.0,26.0,81.0,60.0,74
32,78.0,81.0,77.0,80.0,77.0,1.0,78.0,71.0,67.0,16.0,79.0,67.0,80
33,76.0,73.0,60.0,73.0,75.0,1.0,64.0,47.0,47.0,36.0,61.0,76.0,73
26,69.0,67.0,68.0,65.0,71.0,1.0,74.0,36.0,51.0,39.0,75.0,57.0,70
34,81.0,82.0,72.0,80.0,83.0,1.0,75.0,46.0,63.0,27.0,51.0,80.0,81
37,67.0,63.0,67.0,69.0,68.0,1.0,60.0,46.0,30.0,24.0,66.0,61.0,67
32,73.0,69.0,67.0,75.0,71.0,1.0,60.0,43.0,62.0,29.0,61.0,70.0,71
28,69.0,66.0,61.0,67.0,69.0,1.0,64.0,43.0,67.0,45.0,64.0,71.0,68
33,72.0,67.0,73.0,69.0,72.0,1.0,67.0,41.0,56.0,12.0,70.0,75.0,71
29,74.0,65.0,74.0,67.0,78.0,1.0,72.0,47.0,55.0,37.0,45.0,81.0,72
27,79.0,74.0,70.0,79.0,82.0,1.0,71.0,32.0,49.0,45.0,70.0,71.0,77
27,74.0,67.0,72.0,67.0,75.0,1.0,62.0,63.0,52.0,31.0,68.0,61.0,71
28,78.0,77.0,67.0,74.0,80.0,1.0,72.0,36.0,41.0,26.0,63.0,67.0,77
31,79.0,62.0,65.0,70.0,79.0,1.0,66.0,34.0,30.0,25.0,76.0,74.0,72
34,72.0,72.0,75.0,77.0,77.0,1.0,74.0,65.0,68.0,25.0,72.0,56.0,75
27,75.0,67.0,76.0,71.0,74.0,1.0,70.0,48.0,53.0,36.0,70.0,57.0,73
32,69.0,69.0,64.0,68.0,71.0,1.0,68.0,68.0,30.0,26.0,54.0,54.0,70
32,69.0,68.0,72.0,65.0,71.0,1.0,67.0,56.0,51.0,40.0,69.0,75.0,69
39,73.0,76.0,71.0,79.0,75.0,1.0,73.0,55.0,65.0,23.0,73.0,66.0,77
26,73.0,69.0,66.0,75.0,72.0,1.0,61.0,30.0,41.0,21.0,77.0,51.0,72
35,75.0,72.0,76.0,73.0,77.0,1.0,75.0,27.0,61.0,37.0,69.0,65.0,75
28,67.0,65.0,70.0,68.0,70.0,1.0,64.0,40.0,58.0,40.0,62.0,61.0,68
33,79.0,84.0,77.0,83.0,78.0,1.0,82.0,51.0,67.0,16.0,79.0,67.0,82
27,74.0,76.0,72.0,76.0,76.0,1.0,62.0,51.0,53.0,27.0,72.0,60.0,75
23,70.0,58.0,68.0,62.0,71.0,1.0,58.0,65.0,48.0,42.0,40.0,61.0,66
32,80.0,79.0,69.0,78.0,83.0,1.0,77.0,45.0,49.0,36.0,74.0,74.0,79
31,85.0,78.0,69.0,83.0,87.0,1.0,82.0,53.0,48.0,33.0,55.0,69.0,83
28,76.0,78.0,67.0,76.0,77.0,1.0,66.0,32.0,37.0,24.0,67.0,60.0,76
24,75.0,71.0,69.0,69.0,76.0,1.0,71.0,44.0,58.0,26.0,68.0,80.0,73
28,66.0,66.0,64.0,66.0,71.0,1.0,63.0,40.0,46.0,34.0,79.0,64.0,68
38,83.0,88.0,62.0,92.0,83.0,1.0,85.0,44.0,49.0,62.0,85.0,62.0,87
28,70.0,63.0,64.0,74.0,77.0,1.0,60.0,42.0,48.0,24.0,80.0,69.0,70
24,75.0,65.0,71.0,76.0,85.0,1.0,70.0,22.0,32.0,18.0,70.0,61.0,75
32,82.0,72.0,77.0,77.0,84.0,1.0,73.0,50.0,57.0,32.0,38.0,75.0,79
26,77.0,80.0,78.0,78.0,77.0,1.0,73.0,51.0,60.0,29.0,60.0,44.0,78
35,75.0,73.0,65.0,79.0,74.0,1.0,73.0,50.0,33.0,21.0,74.0,60.0,75
29,71.0,65.0,58.0,63.0,71.0,1.0,70.0,26.0,45.0,35.0,77.0,59.0,68
25,70.0,66.0,65.0,65.0,70.0,1.0,63.0,45.0,42.0,31.0,64.0,57.0,68
28,70.0,67.0,65.0,64.0,71.0,1.0,63.0,49.0,56.0,17.0,65.0,81.0,68
24,64.0,61.0,61.0,62.0,63.0,1.0,56.0,30.0,42.0,32.0,58.0,63.0,63
28,72.0,67.0,65.0,66.0,63.0,1.0,64.0,60.0,50.0,13.0,68.0,65.0,68
31,77.0,75.0,74.0,75.0,77.0,1.0,71.0,55.0,45.0,37.0,75.0,40.0,76
40,72.0,77.0,68.0,78.0,73.0,1.0,70.0,40.0,63.0,33.0,52.0,79.0,75
21,79.0,76.0,73.0,73.0,81.0,1.0,72.0,62.0,67.0,37.0,53.0,42.0,77
30,78.0,68.0,68.0,78.0,80.0,1.0,71.0,11.0,55.0,33.0,68.0,70.0,76
29,81.0,75.0,71.0,77.0,82.0,1.0,76.0,60.0,64.0,12.0,60.0,60.0,79
30,72.0,71.0,73.0,74.0,75.0,1.0,68.0,35.0,60.0,36.0,68.0,62.0,73
35,74.0,72.0,70.0,76.0,76.0,1.0,64.0,31.0,58.0,31.0,64.0,60.0,74
39,75.0,75.0,68.0,71.0,76.0,1.0,73.0,60.0,59.0,22.0,64.0,70.0,75
33,78.0,77.0,77.0,78.0,80.0,1.0,76.0,48.0,58.0,33.0,65.0,49.0,79
28,72.0,69.0,68.0,68.0,74.0,1.0,54.0,37.0,33.0,23.0,72.0,65.0,70
28,64.0,67.0,63.0,65.0,68.0,1.0,64.0,46.0,49.0,40.0,65.0,70.0,67
30,76.0,71.0,69.0,77.0,75.0,1.0,68.0,43.0,32.0,26.0,75.0,68.0,75
24,80.0,73.0,73.0,76.0,82.0,1.0,75.0,30.0,56.0,19.0,55.0,65.0,78
35,70.0,72.0,69.0,74.0,72.0,1.0,67.0,60.0,64.0,37.0,65.0,70.0,72
25,72.0,72.0,62.0,69.0,74.0,1.0,69.0,51.0,47.0,22.0,75.0,51.0,72
37,72.0,71.0,62.0,75.0,75.0,1.0,69.0,45.0,60.0,23.0,70.0,70.0,73
32,63.0,61.0,62.0,65.0,66.0,1.0,58.0,47.0,53.0,44.0,64.0,65.0,64
36,67.0,68.0,76.0,70.0,67.0,1.0,67.0,51.0,53.0,34.0,63.0,67.0,69
25,74.0,68.0,66.0,73.0,74.0,1.0,66.0,40.0,37.0,28.0,67.0,57.0,72
33,68.0,66.0,65.0,69.0,66.0,1.0,66.0,39.0,48.0,34.0,75.0,61.0,68
27,69.0,64.0,61.0,73.0,73.0,1.0,68.0,46.0,51.0,25.0,67.0,63.0,70
26,71.0,66.0,65.0,73.0,72.0,1.0,60.0,39.0,40.0,37.0,68.0,52.0,70
28,67.0,63.0,64.0,67.0,74.0,1.0,58.0,57.0,33.0,31.0,66.0,71.0,67
29,74.0,64.0,56.0,68.0,74.0,1.0,67.0,65.0,57.0,26.0,62.0,74.0,70
28,77.0,73.0,68.0,75.0,77.0,1.0,69.0,45.0,65.0,17.0,60.0,72.0,75
28,73.0,71.0,72.0,73.0,74.0,1.0,65.0,52.0,56.0,27.0,64.0,59.0,73
26,70.0,69.0,68.0,71.0,80.0,1.0,65.0,34.0,54.0,26.0,69.0,58.0,72
30,72.0,67.0,69.0,70.0,73.0,1.0,70.0,58.0,50.0,22.0,55.0,61.0,71
27,68.0,67.0,69.0,65.0,70.0,1.0,60.0,49.0,51.0,30.0,73.0,64.0,68
25,72.0,69.0,65.0,68.0,73.0,1.0,69.0,35.0,52.0,27.0,67.0,75.0,71
25,67.0,66.0,66.0,63.0,67.0,1.0,63.0,42.0,48.0,27.0,58.0,68.0,66
37,77.0,71.0,65.0,77.0,79.0,1.0,69.0,70.0,61.0,27.0,52.0,38.0,76
29,74.0,73.0,71.0,74.0,73.0,1.0,77.0,69.0,64.0,25.0,70.0,50.0,75
23,76.0,74.0,72.0,73.0,81.0,1.0,75.0,42.0,38.0,28.0,67.0,58.0,77
34,76.0,75.0,66.0,76.0,78.0,1.0,72.0,63.0,69.0,22.0,65.0,45.0,76
23,65.0,60.0,60.0,60.0,65.0,1.0,55.0,45.0,50.0,42.0,65.0,55.0,63
38,70.0,67.0,64.0,68.0,71.0,1.0,65.0,40.0,48.0,27.0,65.0,66.0,69
37,76.0,72.0,68.0,74.0,77.0,1.0,75.0,41.0,60.0,24.0,60.0,60.0,75
27,69.0,63.0,66.0,66.0,69.0,1.0,64.0,58.0,64.0,40.0,67.0,54.0,67
27,66.0,65.0,66.0,66.0,70.0,1.0,61.0,49.0,49.0,35.0,73.0,65.0,67
27,76.0,71.0,66.0,79.0,76.0,1.0,69.0,55.0,49.0,29.0,64.0,55.0,75
38,75.0,75.0,75.0,77.0,74.0,1.0,69.0,40.0,59.0,37.0,77.0,55.0,76
29,71.0,66.0,64.0,65.0,69.0,1.0,72.0,54.0,63.0,41.0,52.0,65.0,69
24,71.0,68.0,67.0,68.0,71.0,1.0,64.0,38.0,47.0,33.0,68.0,57.0,70
25,65.0,65.0,67.0,63.0,68.0,1.0,64.0,23.0,51.0,28.0,69.0,60.0,66
24,75.0,64.0,63.0,66.0,74.0,1.0,65.0,42.0,48.0,25.0,71.0,59.0,70
33,68.0,62.0,66.0,66.0,68.0,1.0,63.0,46.0,54.0,32.0,64.0,54.0,67
32,62.0,66.0,68.0,71.0,64.0,1.0,64.0,36.0,52.0,23.0,70.0,62.0,67
30,78.0,72.0,54.0,74.0,81.0,1.0,68.0,32.0,58.0,26.0,58.0,66.0,75
29,83.0,82.0,78.0,81.0,84.0,1.0,80.0,44.0,57.0,46.0,72.0,39.0,83
29,76.0,71.0,60.0,73.0,81.0,1.0,72.0,63.0,63.0,23.0,33.0,56.0,75
38,70.0,68.0,70.0,72.0,67.0,1.0,68.0,25.0,61.0,35.0,69.0,60.0,70
30,70.0,64.0,67.0,68.0,72.0,1.0,66.0,59.0,60.0,25.0,47.0,68.0,69
32,70.0,69.0,70.0,73.0,74.0,1.0,75.0,42.0,58.0,22.0,55.0,69.0,73
32,62.0,63.0,61.0,61.0,62.0,1.0,57.0,48.0,47.0,34.0,73.0,65.0,62
28,70.0,65.0,65.0,68.0,73.0,1.0,68.0,37.0,56.0,23.0,67.0,70.0,70
22,77.0,74.0,65.0,74.0,78.0,1.0,76.0,55.0,56.0,38.0,68.0,63.0,76
26,75.0,69.0,65.0,70.0,78.0,1.0,68.0,64.0,50.0,22.0,32.0,51.0,73
30,67.0,69.0,63.0,69.0,67.0,1.0,67.0,44.0,53.0,22.0,52.0,70.0,69
39,65.0,65.0,66.0,73.0,70.0,1.0,71.0,30.0,56.0,18.0,72.0,69.0,69
33,69.0,69.0,61.0,73.0,72.0,1.0,66.0,45.0,54.0,26.0,79.0,65.0,71
35,61.0,60.0,71.0,65.0,63.0,1.0,67.0,36.0,63.0,31.0,70.0,73.0,64
24,69.0,66.0,71.0,67.0,72.0,1.0,69.0,53.0,48.0,34.0,53.0,69.0,70
25,74.0,71.0,70.0,72.0,76.0,1.0,71.0,40.0,50.0,16.0,55.0,54.0,74
25,67.0,64.0,54.0,64.0,69.0,1.0,68.0,33.0,39.0,31.0,66.0,69.0,67
34,67.0,64.0,70.0,66.0,68.0,1.0,69.0,35.0,51.0,32.0,71.0,65.0,68
25,67.0,65.0,72.0,69.0,69.0,1.0,69.0,39.0,50.0,29.0,55.0,59.0,69
37,70.0,67.0,63.0,73.0,72.0,1.0,68.0,51.0,58.0,23.0,53.0,73.0,71
30,72.0,64.0,70.0,65.0,71.0,1.0,63.0,52.0,47.0,34.0,65.0,59.0,69
24,68.0,64.0,57.0,63.0,68.0,1.0,55.0,47.0,30.0,34.0,76.0,57.0,65
34,66.0,72.0,67.0,79.0,67.0,1.0,68.0,45.0,65.0,32.0,77.0,66.0,71
27,72.0,66.0,65.0,64.0,69.0,1.0,66.0,21.0,28.0,45.0,65.0,55.0,68
23,72.0,66.0,65.0,69.0,72.0,1.0,67.0,38.0,47.0,24.0,58.0,66.0,70
37,65.0,62.0,62.0,63.0,64.0,1.0,59.0,41.0,56.0,30.0,63.0,67.0,64
37,70.0,67.0,64.0,70.0,71.0,1.0,73.0,54.0,37.0,21.0,72.0,57.0,71
25,66.0,67.0,66.0,63.0,67.0,1.0,63.0,49.0,51.0,25.0,73.0,51.0,66
33,67.0,72.0,67.0,75.0,71.0,1.0,70.0,47.0,61.0,32.0,69.0,66.0,72
24,74.0,70.0,70.0,73.0,74.0,1.0,72.0,38.0,54.0,26.0,46.0,48.0,74
41,70.0,69.0,69.0,77.0,74.0,1.0,73.0,37.0,42.0,19.0,62.0,60.0,73
23,80.0,78.0,77.0,74.0,83.0,1.0,77.0,59.0,66.0,33.0,81.0,44.0,79
28,75.0,70.0,60.0,67.0,75.0,1.0,67.0,34.0,23.0,17.0,68.0,73.0,72
27,68.0,65.0,70.0,65.0,68.0,1.0,62.0,61.0,48.0,26.0,60.0,61.0,67
27,63.0,59.0,60.0,60.0,65.0,1.0,58.0,51.0,38.0,41.0,63.0,56.0,62
33,80.0,74.0,64.0,77.0,82.0,1.0,79.0,48.0,31.0,20.0,68.0,66.0,79
30,75.0,70.0,73.0,74.0,72.0,1.0,66.0,45.0,47.0,22.0,78.0,74.0,73
21,71.0,72.0,73.0,75.0,76.0,1.0,68.0,70.0,62.0,15.0,81.0,61.0,74
24,78.0,74.0,73.0,77.0,82.0,1.0,67.0,21.0,55.0,24.0,68.0,70.0,77
29,76.0,75.0,66.0,76.0,80.0,1.0,79.0,36.0,34.0,23.0,67.0,72.0,77
32,69.0,70.0,68.0,68.0,66.0,1.0,61.0,42.0,49.0,22.0,70.0,58.0,68
29,72.0,63.0,73.0,67.0,72.0,1.0,62.0,42.0,44.0,20.0,68.0,60.0,69
28,76.0,69.0,75.0,73.0,77.0,1.0,73.0,35.0,24.0,28.0,72.0,54.0,75
24,68.0,65.0,60.0,62.0,69.0,1.0,62.0,57.0,31.0,25.0,64.0,52.0,66
26,73.0,69.0,62.0,70.0,72.0,1.0,69.0,20.0,46.0,18.0,58.0,51.0,71
27,74.0,73.0,70.0,77.0,78.0,1.0,70.0,51.0,30.0,27.0,77.0,66.0,76
30,64.0,65.0,65.0,66.0,68.0,1.0,60.0,53.0,57.0,44.0,67.0,55.0,66
31,69.0,69.0,70.0,65.0,68.0,1.0,64.0,36.0,44.0,11.0,60.0,46.0,68
29,72.0,66.0,62.0,68.0,74.0,1.0,68.0,35.0,54.0,25.0,69.0,55.0,70
30,62.0,61.0,60.0,61.0,63.0,1.0,60.0,34.0,58.0,40.0,65.0,60.0,62
30,70.0,67.0,60.0,69.0,74.0,1.0,68.0,25.0,23.0,21.0,76.0,51.0,70
32,73.0,72.0,68.0,70.0,72.0,1.0,64.0,57.0,56.0,67.0,70.0,51.0,72
32,68.0,66.0,66.0,72.0,69.0,1.0,50.0,56.0,46.0,36.0,67.0,56.0,68
35,66.0,64.0,69.0,66.0,69.0,1.0,62.0,49.0,42.0,45.0,59.0,51.0,67
27,77.0,68.0,69.0,72.0,79.0,1.0,69.0,55.0,35.0,25.0,54.0,61.0,74
36,69.0,68.0,66.0,72.0,69.0,1.0,67.0,36.0,65.0,23.0,59.0,69.0,70
30,67.0,59.0,58.0,64.0,66.0,1.0,53.0,35.0,50.0,24.0,84.0,60.0,63
26,68.0,66.0,69.0,64.0,67.0,1.0,64.0,45.0,28.0,18.0,51.0,51.0,67
24,69.0,65.0,67.0,67.0,69.0,1.0,69.0,23.0,46.0,26.0,51.0,55.0,69
19,62.0,57.0,63.0,62.0,63.0,1.0,56.0,56.0,55.0,45.0,58.0,70.0,62
27,76.0,68.0,66.0,73.0,76.0,1.0,62.0,57.0,57.0,18.0,70.0,60.0,73
30,78.0,71.0,67.0,73.0,75.0,1.0,69.0,55.0,64.0,15.0,52.0,63.0,74
34,77.0,70.0,61.0,78.0,77.0,1.0,73.0,49.0,23.0,19.0,74.0,61.0,76
30,72.0,68.0,64.0,72.0,74.0,1.0,69.0,10.0,52.0,20.0,76.0,67.0,72
37,65.0,65.0,64.0,67.0,64.0,1.0,63.0,47.0,62.0,35.0,60.0,68.0,66
25,71.0,69.0,71.0,71.0,71.0,1.0,57.0,19.0,38.0,35.0,37.0,48.0,70
30,67.0,65.0,65.0,66.0,67.0,1.0,67.0,53.0,55.0,38.0,67.0,55.0,67
30,72.0,71.0,66.0,73.0,76.0,1.0,53.0,39.0,43.0,48.0,63.0,47.0,71
31,67.0,66.0,68.0,65.0,68.0,1.0,61.0,63.0,61.0,21.0,62.0,57.0,67
29,70.0,63.0,60.0,69.0,73.0,1.0,67.0,36.0,42.0,34.0,68.0,60.0,69
30,72.0,67.0,67.0,70.0,73.0,1.0,67.0,47.0,56.0,39.0,60.0,60.0,71
28,70.0,67.0,59.0,68.0,73.0,1.0,67.0,47.0,49.0,40.0,62.0,67.0,70
34,67.0,64.0,68.0,66.0,66.0,1.0,67.0,39.0,55.0,32.0,64.0,64.0,67
23,61.0,61.0,64.0,59.0,62.0,1.0,52.0,30.0,31.0,37.0,55.0,58.0,61
30,69.0,67.0,68.0,70.0,68.0,1.0,65.0,35.0,35.0,16.0,60.0,62.0,69
29,71.0,77.0,76.0,72.0,77.0,1.0,77.0,51.0,66.0,18.0,84.0,69.0,76
34,68.0,65.0,63.0,69.0,68.0,1.0,69.0,32.0,35.0,21.0,69.0,59.0,68
25,67.0,66.0,70.0,65.0,71.0,1.0,67.0,27.0,39.0,18.0,69.0,68.0,68
23,72.0,69.0,67.0,70.0,72.0,1.0,58.0,33.0,47.0,21.0,67.0,59.0,70
39,63.0,66.0,60.0,65.0,64.0,1.0,64.0,54.0,58.0,30.0,64.0,58.0,65
32,76.0,72.0,42.0,73.0,79.0,1.0,75.0,42.0,61.0,26.0,71.0,71.0,74
20,57.0,57.0,52.0,59.0,56.0,1.0,55.0,50.0,40.0,40.0,60.0,65.0,58
28,71.0,69.0,70.0,68.0,74.0,1.0,66.0,40.0,28.0,25.0,69.0,70.0,71
27,71.0,64.0,65.0,69.0,70.0,1.0,55.0,42.0,31.0,28.0,58.0,55.0,68
34,63.0,58.0,56.0,61.0,65.0,1.0,61.0,44.0,61.0,37.0,63.0,54.0,62
29,66.0,62.0,70.0,69.0,73.0,1.0,55.0,58.0,55.0,19.0,62.0,50.0,67
25,68.0,63.0,66.0,65.0,70.0,1.0,59.0,24.0,51.0,23.0,75.0,59.0,67
30,68.0,65.0,65.0,65.0,66.0,1.0,60.0,17.0,24.0,18.0,75.0,55.0,66
26,70.0,66.0,65.0,67.0,69.0,1.0,67.0,23.0,22.0,26.0,58.0,54.0,69
26,62.0,58.0,58.0,60.0,63.0,1.0,57.0,44.0,53.0,29.0,63.0,65.0,61
31,73.0,72.0,65.0,71.0,74.0,1.0,67.0,23.0,70.0,28.0,59.0,75.0,73
38,78.0,73.0,72.0,73.0,81.0,1.0,62.0,47.0,66.0,33.0,43.0,46.0,75
31,67.0,66.0,61.0,65.0,67.0,1.0,67.0,46.0,52.0,14.0,43.0,74.0,67
37,65.0,68.0,63.0,65.0,68.0,1.0,61.0,37.0,31.0,32.0,51.0,40.0,67
25,67.0,65.0,63.0,68.0,69.0,1.0,53.0,43.0,43.0,20.0,68.0,59.0,66
25,77.0,76.0,61.0,72.0,73.0,1.0,72.0,51.0,67.0,16.0,81.0,67.0,75
29,64.0,64.0,59.0,64.0,65.0,1.0,58.0,16.0,35.0,29.0,68.0,58.0,64
29,64.0,61.0,61.0,65.0,68.0,1.0,60.0,21.0,46.0,39.0,52.0,60.0,65
23,72.0,66.0,62.0,64.0,74.0,1.0,67.0,52.0,35.0,30.0,56.0,71.0,69
21,64.0,64.0,58.0,63.0,66.0,1.0,56.0,56.0,44.0,25.0,58.0,66.0,64
34,71.0,72.0,65.0,73.0,70.0,1.0,69.0,34.0,43.0,18.0,74.0,57.0,72
34,65.0,66.0,62.0,69.0,67.0,1.0,66.0,34.0,26.0,23.0,76.0,66.0,67
28,63.0,58.0,53.0,64.0,62.0,1.0,64.0,36.0,57.0,22.0,67.0,54.0,63
22,73.0,68.0,63.0,71.0,72.0,1.0,60.0,41.0,41.0,19.0,65.0,52.0,70
27,70.0,65.0,65.0,69.0,71.0,1.0,66.0,40.0,38.0,26.0,68.0,57.0,69
36,66.0,64.0,61.0,64.0,65.0,1.0,62.0,48.0,47.0,38.0,64.0,60.0,65
31,72.0,70.0,68.0,73.0,73.0,1.0,65.0,18.0,36.0,22.0,65.0,63.0,72
34,70.0,69.0,71.0,70.0,72.0,1.0,74.0,27.0,59.0,30.0,68.0,68.0,72
31,69.0,59.0,64.0,68.0,72.0,1.0,69.0,41.0,61.0,33.0,66.0,70.0,68
35,68.0,65.0,69.0,69.0,65.0,1.0,65.0,23.0,50.0,24.0,40.0,46.0,68
26,70.0,68.0,70.0,69.0,75.0,1.0,72.0,47.0,44.0,47.0,63.0,66.0,72
28,74.0,71.0,63.0,68.0,75.0,1.0,67.0,35.0,58.0,29.0,71.0,54.0,72
31,64.0,60.0,63.0,60.0,66.0,1.0,62.0,50.0,43.0,21.0,58.0,58.0,63
27,70.0,66.0,60.0,69.0,73.0,1.0,67.0,48.0,37.0,18.0,52.0,62.0,70
25,75.0,73.0,72.0,74.0,74.0,1.0,59.0,17.0,48.0,19.0,49.0,54.0,73
22,68.0,67.0,59.0,66.0,70.0,1.0,62.0,29.0,27.0,24.0,51.0,63.0,68
31,69.0,67.0,67.0,70.0,66.0,1.0,66.0,36.0,13.0,13.0,80.0,55.0,69
23,65.0,64.0,63.0,63.0,65.0,1.0,58.0,25.0,32.0,26.0,62.0,55.0,65
29,64.0,59.0,59.0,62.0,65.0,1.0,65.0,40.0,57.0,27.0,70.0,51.0,64
28,65.0,63.0,63.0,62.0,66.0,1.0,59.0,31.0,60.0,19.0,69.0,59.0,64
28,62.0,58.0,73.0,65.0,61.0,1.0,51.0,15.0,24.0,34.0,85.0,43.0,62
29,74.0,69.0,61.0,71.0,74.0,1.0,67.0,22.0,33.0,17.0,61.0,66.0,72
31,70.0,65.0,58.0,69.0,76.0,1.0,69.0,50.0,49.0,21.0,46.0,73.0,70
27,64.0,65.0,59.0,63.0,63.0,1.0,61.0,15.0,52.0,28.0,57.0,61.0,64
30,74.0,74.0,70.0,74.0,75.0,1.0,69.0,42.0,58.0,24.0,82.0,40.0,74
22,68.0,66.0,64.0,65.0,67.0,1.0,64.0,35.0,47.0,30.0,59.0,59.0,67
28,71.0,64.0,63.0,73.0,77.0,1.0,74.0,12.0,28.0,21.0,76.0,66.0,72
30,67.0,64.0,63.0,64.0,69.0,1.0,64.0,33.0,35.0,22.0,61.0,61.0,67
33,70.0,67.0,61.0,74.0,71.0,1.0,65.0,57.0,12.0,22.0,50.0,68.0,70
31,69.0,68.0,75.0,67.0,70.0,1.0,63.0,20.0,32.0,18.0,68.0,47.0,69
26,67.0,66.0,64.0,66.0,66.0,1.0,59.0,39.0,40.0,24.0,61.0,58.0,66
20,67.0,65.0,65.0,64.0,68.0,1.0,51.0,45.0,29.0,50.0,52.0,63.0,65
29,71.0,69.0,66.0,70.0,72.0,1.0,71.0,55.0,59.0,23.0,60.0,62.0,71
28,66.0,65.0,63.0,65.0,67.0,1.0,62.0,40.0,44.0,32.0,55.0,64.0,66
34,64.0,68.0,69.0,61.0,60.0,1.0,57.0,15.0,21.0,27.0,71.0,55.0,64
25,71.0,73.0,68.0,74.0,75.0,1.0,50.0,44.0,28.0,29.0,65.0,62.0,71
27,68.0,62.0,61.0,63.0,70.0,1.0,63.0,40.0,55.0,27.0,64.0,58.0,66
33,60.0,62.0,59.0,62.0,63.0,1.0,59.0,35.0,44.0,22.0,68.0,60.0,62
23,59.0,56.0,56.0,56.0,59.0,1.0,54.0,22.0,31.0,25.0,52.0,62.0,58
23,70.0,66.0,66.0,69.0,73.0,1.0,67.0,22.0,35.0,23.0,63.0,58.0,70
36,72.0,71.0,67.0,71.0,69.0,1.0,70.0,45.0,43.0,28.0,78.0,57.0,71
35,65.0,64.0,64.0,63.0,66.0,1.0,63.0,46.0,38.0,23.0,69.0,62.0,65
33,76.0,75.0,70.0,77.0,77.0,1.0,64.0,39.0,62.0,22.0,79.0,61.0,76
21,71.0,68.0,66.0,69.0,74.0,1.0,64.0,39.0,37.0,47.0,75.0,49.0,71
34,59.0,61.0,57.0,64.0,64.0,1.0,60.0,49.0,60.0,25.0,65.0,62.0,63
27,64.0,62.0,61.0,63.0,64.0,1.0,60.0,24.0,45.0,16.0,63.0,48.0,64
24,65.0,63.0,62.0,63.0,64.0,1.0,62.0,29.0,38.0,25.0,69.0,36.0,64
36,70.0,66.0,77.0,68.0,70.0,1.0,64.0,38.0,52.0,33.0,41.0,46.0,69
26,72.0,70.0,58.0,64.0,73.0,1.0,64.0,35.0,60.0,13.0,65.0,70.0,70
20,59.0,60.0,68.0,63.0,67.0,1.0,62.0,45.0,39.0,28.0,68.0,83.0,64
28,72.0,70.0,67.0,73.0,73.0,1.0,70.0,50.0,34.0,35.0,60.0,55.0,73
28,69.0,65.0,61.0,66.0,66.0,1.0,64.0,30.0,38.0,26.0,75.0,33.0,67
22,66.0,69.0,65.0,69.0,71.0,1.0,58.0,42.0,36.0,47.0,59.0,42.0,68
30,69.0,68.0,62.0,70.0,72.0,1.0,68.0,49.0,38.0,28.0,66.0,66.0,70
26,64.0,62.0,60.0,61.0,64.0,1.0,51.0,31.0,42.0,25.0,73.0,52.0,62
32,71.0,68.0,53.0,70.0,72.0,1.0,68.0,42.0,45.0,23.0,33.0,65.0,70
30,68.0,65.0,62.0,63.0,68.0,1.0,66.0,35.0,52.0,22.0,70.0,65.0,67
22,64.0,62.0,63.0,62.0,64.0,1.0,57.0,40.0,41.0,35.0,55.0,61.0,63
36,68.0,68.0,62.0,66.0,65.0,1.0,66.0,33.0,39.0,20.0,62.0,50.0,67
19,74.0,70.0,67.0,66.0,73.0,1.0,70.0,40.0,52.0,35.0,60.0,60.0,71
24,67.0,63.0,68.0,66.0,66.0,1.0,59.0,36.0,52.0,36.0,68.0,61.0,66
31,71.0,54.0,61.0,71.0,73.0,1.0,68.0,58.0,40.0,35.0,42.0,67.0,68
25,61.0,59.0,62.0,61.0,62.0,1.0,55.0,11.0,48.0,17.0,60.0,58.0,61
28,69.0,65.0,66.0,67.0,68.0,1.0,66.0,42.0,52.0,28.0,58.0,56.0,68
31,61.0,59.0,55.0,59.0,60.0,1.0,57.0,41.0,24.0,16.0,63.0,35.0,60
35,59.0,60.0,50.0,55.0,62.0,1.0,60.0,48.0,50.0,32.0,68.0,65.0,60
35,61.0,62.0,62.0,61.0,61.0,1.0,60.0,26.0,40.0,33.0,59.0,50.0,62
26,77.0,68.0,59.0,72.0,76.0,1.0,73.0,40.0,37.0,20.0,58.0,72.0,74
35,67.0,71.0,74.0,72.0,70.0,1.0,66.0,25.0,26.0,28.0,54.0,59.0,71
24,72.0,70.0,68.0,72.0,75.0,1.0,66.0,64.0,39.0,26.0,46.0,83.0,72
30,66.0,62.0,62.0,61.0,67.0,1.0,68.0,53.0,46.0,12.0,68.0,54.0,65
31,68.0,67.0,69.0,70.0,67.0,1.0,65.0,37.0,42.0,34.0,60.0,61.0,69
23,74.0,71.0,67.0,71.0,74.0,1.0,48.0,35.0,56.0,15.0,62.0,66.0,71
28,68.0,62.0,59.0,66.0,70.0,1.0,64.0,45.0,51.0,25.0,59.0,55.0,67
24,65.0,61.0,56.0,63.0,68.0,1.0,59.0,30.0,24.0,24.0,57.0,51.0,64
25,76.0,73.0,67.0,73.0,74.0,1.0,62.0,50.0,57.0,21.0,70.0,61.0,73
30,63.0,62.0,62.0,61.0,63.0,1.0,51.0,30.0,49.0,30.0,64.0,58.0,62
23,75.0,70.0,67.0,72.0,78.0,1.0,68.0,35.0,22.0,27.0,58.0,60.0,74
32,69.0,70.0,70.0,70.0,69.0,1.0,67.0,40.0,56.0,14.0,40.0,55.0,70
20,76.0,77.0,71.0,76.0,79.0,1.0,53.0,34.0,26.0,15.0,74.0,50.0,75
22,63.0,57.0,57.0,56.0,64.0,1.0,61.0,31.0,33.0,21.0,62.0,68.0,61
24,71.0,66.0,66.0,69.0,74.0,1.0,62.0,44.0,36.0,26.0,70.0,54.0,70
25,63.0,61.0,60.0,60.0,64.0,1.0,57.0,35.0,40.0,21.0,53.0,53.0,62
43,65.0,69.0,77.0,73.0,68.0,1.0,34.0,44.0,49.0,77.0,31.0,62.0,65
25,70.0,67.0,70.0,72.0,73.0,1.0,69.0,68.0,35.0,20.0,44.0,82.0,71
19,64.0,62.0,61.0,62.0,65.0,1.0,61.0,54.0,55.0,24.0,67.0,62.0,64
24,66.0,55.0,69.0,57.0,68.0,1.0,60.0,37.0,40.0,37.0,47.0,65.0,63
26,68.0,63.0,65.0,63.0,66.0,1.0,58.0,18.0,46.0,22.0,57.0,30.0,65
29,70.0,65.0,65.0,65.0,65.0,1.0,65.0,31.0,45.0,24.0,55.0,45.0,67
24,61.0,59.0,56.0,58.0,64.0,1.0,54.0,31.0,31.0,24.0,56.0,54.0,61
23,72.0,66.0,68.0,71.0,74.0,1.0,45.0,55.0,56.0,45.0,59.0,64.0,69
23,73.0,73.0,68.0,70.0,75.0,1.0,67.0,42.0,66.0,33.0,55.0,61.0,73
19,63.0,62.0,63.0,62.0,65.0,1.0,51.0,44.0,42.0,43.0,58.0,55.0,63
27,72.0,65.0,67.0,65.0,70.0,1.0,53.0,25.0,46.0,32.0,57.0,57.0,67
27,75.0,74.0,71.0,69.0,71.0,1.0,62.0,41.0,31.0,20.0,60.0,32.0,72
25,77.0,76.0,74.0,79.0,81.0,1.0,73.0,42.0,32.0,25.0,66.0,35.0,78
22,64.0,63.0,66.0,62.0,68.0,1.0,52.0,40.0,44.0,24.0,38.0,65.0,64
23,70.0,69.0,69.0,71.0,76.0,1.0,68.0,31.0,37.0,15.0,59.0,52.0,72
38,61.0,62.0,55.0,62.0,58.0,1.0,56.0,41.0,50.0,16.0,54.0,50.0,61
31,73.0,70.0,69.0,70.0,73.0,1.0,58.0,65.0,35.0,17.0,85.0,83.0,71
29,71.0,69.0,67.0,71.0,73.0,1.0,71.0,25.0,59.0,21.0,56.0,67.0,72
23,71.0,63.0,59.0,61.0,69.0,1.0,67.0,45.0,47.0,24.0,71.0,58.0,67
21,68.0,59.0,63.0,64.0,71.0,1.0,67.0,31.0,23.0,16.0,64.0,66.0,67
23,79.0,73.0,71.0,77.0,81.0,1.0,66.0,41.0,49.0,22.0,64.0,32.0,77
27,68.0,67.0,65.0,66.0,72.0,1.0,65.0,41.0,45.0,15.0,67.0,70.0,69
23,68.0,64.0,66.0,67.0,69.0,1.0,70.0,36.0,35.0,29.0,60.0,58.0,68
24,62.0,63.0,60.0,63.0,65.0,1.0,50.0,25.0,34.0,27.0,54.0,58.0,63
28,70.0,68.0,67.0,71.0,71.0,1.0,61.0,40.0,55.0,29.0,58.0,31.0,70
25,70.0,72.0,70.0,71.0,75.0,1.0,69.0,35.0,30.0,30.0,59.0,38.0,73
27,75.0,65.0,80.0,72.0,79.0,1.0,77.0,35.0,36.0,29.0,73.0,38.0,75
41,58.0,63.0,58.0,67.0,63.0,1.0,59.0,35.0,29.0,20.0,78.0,59.0,63
32,65.0,64.0,65.0,66.0,63.0,1.0,60.0,40.0,30.0,26.0,49.0,52.0,65
34,70.0,64.0,79.0,66.0,71.0,1.0,62.0,53.0,62.0,18.0,51.0,58.0,69
26,63.0,61.0,62.0,60.0,65.0,1.0,62.0,52.0,32.0,25.0,77.0,55.0,63
23,64.0,62.0,66.0,63.0,66.0,1.0,54.0,43.0,50.0,35.0,41.0,46.0,64
20,65.0,65.0,67.0,65.0,70.0,1.0,61.0,51.0,39.0,23.0,53.0,45.0,67
24,67.0,62.0,64.0,66.0,67.0,1.0,58.0,25.0,46.0,19.0,26.0,32.0,66
30,63.0,63.0,62.0,65.0,66.0,1.0,52.0,29.0,19.0,24.0,60.0,56.0,64
27,62.0,61.0,62.0,63.0,63.0,1.0,59.0,50.0,55.0,40.0,50.0,40.0,63
24,69.0,68.0,68.0,68.0,69.0,1.0,63.0,50.0,58.0,22.0,57.0,66.0,69
22,70.0,67.0,66.0,68.0,69.0,1.0,66.0,45.0,36.0,22.0,68.0,40.0,69
19,64.0,63.0,63.0,62.0,65.0,1.0,57.0,43.0,42.0,35.0,49.0,57.0,64
23,67.0,66.0,67.0,70.0,71.0,1.0,46.0,37.0,28.0,22.0,58.0,33.0,67
24,71.0,70.0,65.0,74.0,75.0,1.0,62.0,52.0,55.0,27.0,53.0,49.0,72
28,64.0,61.0,58.0,66.0,65.0,1.0,62.0,16.0,45.0,11.0,39.0,41.0,64
23,66.0,66.0,61.0,61.0,68.0,1.0,58.0,40.0,36.0,26.0,74.0,34.0,65
20,67.0,65.0,63.0,65.0,68.0,1.0,65.0,35.0,35.0,16.0,57.0,60.0,67
20,73.0,70.0,68.0,72.0,74.0,1.0,67.0,32.0,35.0,17.0,74.0,37.0,72
23,71.0,65.0,64.0,66.0,70.0,1.0,67.0,45.0,32.0,25.0,63.0,41.0,69
35,65.0,64.0,58.0,65.0,64.0,1.0,59.0,27.0,37.0,27.0,60.0,63.0,65
24,73.0,67.0,70.0,67.0,73.0,1.0,69.0,42.0,32.0,19.0,68.0,57.0,71
22,70.0,67.0,61.0,67.0,72.0,1.0,62.0,38.0,38.0,22.0,60.0,56.0,69
34,56.0,53.0,46.0,63.0,58.0,1.0,57.0,34.0,28.0,18.0,54.0,58.0,58
22,67.0,64.0,65.0,65.0,68.0,1.0,63.0,33.0,53.0,28.0,61.0,44.0,67
23,68.0,64.0,65.0,67.0,68.0,1.0,63.0,55.0,58.0,26.0,40.0,31.0,67
21,67.0,62.0,62.0,66.0,68.0,1.0,64.0,44.0,23.0,25.0,48.0,55.0,66
22,66.0,61.0,59.0,62.0,68.0,1.0,52.0,39.0,42.0,25.0,48.0,65.0,64
21,61.0,57.0,61.0,59.0,63.0,1.0,45.0,44.0,47.0,17.0,77.0,37.0,59
26,59.0,62.0,63.0,62.0,63.0,1.0,49.0,41.0,32.0,19.0,45.0,48.0,61
30,72.0,72.0,70.0,68.0,77.0,1.0,67.0,18.0,65.0,22.0,36.0,34.0,73
25,69.0,67.0,63.0,66.0,72.0,1.0,64.0,32.0,21.0,22.0,61.0,51.0,69
30,71.0,70.0,67.0,70.0,70.0,1.0,64.0,36.0,37.0,29.0,68.0,40.0,70
19,65.0,63.0,67.0,62.0,66.0,1.0,58.0,55.0,38.0,22.0,50.0,65.0,64
35,68.0,61.0,54.0,69.0,74.0,1.0,61.0,32.0,12.0,16.0,75.0,49.0,68
24,69.0,69.0,60.0,70.0,72.0,1.0,54.0,27.0,14.0,20.0,52.0,62.0,69
35,74.0,72.0,68.0,75.0,75.0,1.0,64.0,31.0,29.0,19.0,37.0,58.0,74
19,64.0,63.0,62.0,59.0,66.0,1.0,59.0,40.0,33.0,22.0,43.0,53.0,64
22,67.0,58.0,53.0,62.0,69.0,1.0,60.0,42.0,36.0,23.0,52.0,60.0,64
21,64.0,64.0,62.0,63.0,65.0,1.0,59.0,28.0,32.0,20.0,50.0,64.0,64
29,71.0,72.0,72.0,73.0,69.0,1.0,69.0,51.0,29.0,21.0,60.0,33.0,72
23,65.0,64.0,63.0,65.0,67.0,1.0,61.0,56.0,49.0,31.0,42.0,63.0,66
27,66.0,64.0,58.0,66.0,68.0,1.0,59.0,31.0,56.0,16.0,69.0,63.0,66
29,70.0,68.0,70.0,68.0,71.0,1.0,60.0,40.0,33.0,23.0,67.0,39.0,69
21,65.0,64.0,62.0,61.0,66.0,1.0,61.0,51.0,32.0,23.0,46.0,56.0,65
25,71.0,68.0,62.0,64.0,73.0,1.0,59.0,30.0,44.0,16.0,55.0,51.0,69
20,60.0,59.0,60.0,58.0,64.0,1.0,63.0,35.0,35.0,27.0,77.0,40.0,62
23,65.0,62.0,62.0,63.0,61.0,1.0,61.0,22.0,27.0,22.0,39.0,47.0,64
24,69.0,66.0,51.0,63.0,73.0,1.0,69.0,33.0,44.0,25.0,66.0,54.0,68
27,66.0,64.0,65.0,65.0,62.0,1.0,62.0,38.0,22.0,19.0,61.0,49.0,65
30,61.0,60.0,61.0,62.0,63.0,1.0,53.0,38.0,26.0,35.0,66.0,63.0,62
20,64.0,62.0,60.0,62.0,66.0,1.0,62.0,30.0,22.0,24.0,77.0,58.0,64
21,55.0,54.0,56.0,54.0,58.0,1.0,52.0,49.0,30.0,22.0,25.0,74.0,56
24,70.0,70.0,63.0,70.0,72.0,1.0,63.0,28.0,42.0,17.0,51.0,59.0,70
20,63.0,59.0,61.0,59.0,61.0,1.0,55.0,39.0,26.0,34.0,55.0,59.0,61
21,63.0,61.0,58.0,62.0,63.0,1.0,50.0,31.0,54.0,26.0,55.0,61.0,62
24,63.0,63.0,55.0,67.0,66.0,1.0,60.0,30.0,39.0,25.0,60.0,62.0,65
22,60.0,63.0,64.0,59.0,62.0,1.0,57.0,43.0,33.0,34.0,73.0,34.0,62
20,66.0,66.0,64.0,64.0,69.0,1.0,59.0,38.0,31.0,20.0,68.0,59.0,66
20,72.0,74.0,65.0,70.0,73.0,1.0,60.0,43.0,26.0,15.0,68.0,38.0,72
20,63.0,61.0,56.0,61.0,62.0,1.0,45.0,38.0,32.0,20.0,60.0,27.0,61
21,61.0,60.0,59.0,59.0,62.0,1.0,56.0,20.0,37.0,19.0,55.0,56.0,61
21,64.0,61.0,65.0,62.0,67.0,1.0,63.0,32.0,33.0,29.0,59.0,53.0,65
24,69.0,68.0,66.0,68.0,69.0,1.0,59.0,27.0,30.0,22.0,63.0,30.0,68
23,67.0,66.0,60.0,63.0,68.0,1.0,60.0,41.0,25.0,28.0,43.0,51.0,66
19,62.0,61.0,59.0,58.0,62.0,1.0,49.0,29.0,31.0,26.0,65.0,40.0,60
25,72.0,65.0,48.0,68.0,73.0,1.0,70.0,48.0,60.0,25.0,49.0,54.0,69
24,68.0,63.0,61.0,66.0,70.0,1.0,54.0,44.0,35.0,16.0,57.0,33.0,66
20,70.0,67.0,62.0,69.0,66.0,1.0,57.0,43.0,21.0,18.0,62.0,49.0,67
24,74.0,65.0,60.0,56.0,69.0,1.0,58.0,34.0,31.0,22.0,38.0,56.0,66
22,70.0,67.0,56.0,66.0,71.0,1.0,68.0,31.0,25.0,20.0,60.0,31.0,69
22,64.0,63.0,66.0,66.0,71.0,1.0,56.0,31.0,26.0,31.0,52.0,42.0,66
20,68.0,66.0,63.0,67.0,69.0,1.0,43.0,29.0,37.0,26.0,63.0,34.0,66
22,67.0,63.0,59.0,65.0,66.0,1.0,53.0,29.0,29.0,25.0,69.0,40.0,65
22,67.0,64.0,65.0,66.0,67.0,1.0,51.0,29.0,32.0,29.0,37.0,59.0,65
31,65.0,62.0,66.0,61.0,62.0,1.0,52.0,49.0,23.0,21.0,54.0,61.0,63
20,56.0,56.0,56.0,54.0,63.0,1.0,47.0,35.0,35.0,25.0,55.0,50.0,57
23,65.0,66.0,64.0,66.0,67.0,1.0,47.0,29.0,55.0,21.0,60.0,30.0,65
25,65.0,62.0,57.0,63.0,67.0,1.0,62.0,32.0,34.0,13.0,38.0,51.0,65
27,69.0,59.0,40.0,68.0,64.0,1.0,56.0,24.0,29.0,16.0,71.0,45.0,64
24,70.0,68.0,54.0,72.0,73.0,1.0,52.0,25.0,39.0,16.0,59.0,49.0,69
20,68.0,63.0,61.0,61.0,65.0,1.0,55.0,30.0,44.0,22.0,41.0,57.0,64
22,72.0,57.0,58.0,60.0,70.0,1.0,46.0,27.0,23.0,19.0,38.0,63.0,63
19,61.0,59.0,56.0,57.0,61.0,1.0,49.0,37.0,29.0,15.0,52.0,51.0,59
24,57.0,58.0,57.0,60.0,59.0,1.0,53.0,29.0,29.0,16.0,56.0,47.0,59
18,60.0,57.0,59.0,57.0,59.0,1.0,52.0,22.0,26.0,16.0,58.0,33.0,59
18,59.0,54.0,52.0,49.0,61.0,1.0,48.0,26.0,30.0,19.0,55.0,42.0,56
22,61.0,59.0,57.0,58.0,59.0,1.0,45.0,25.0,36.0,20.0,60.0,33.0,59
25,58.0,58.0,47.0,54.0,61.0,1.0,52.0,27.0,32.0,20.0,63.0,41.0,58
