player,goals,goals_penalty,shots_total,shots_on_target,shots_avg_distance,shots_in_penalty_area,shots_in_goal_area,shots_in_attacking_third,shots_long_distance,shots_mid_distance,shots_short_distance,goal_volley,goals_avg_distance,goal_half_volley,goal_normal,goals_header,goals_header_%,shots_on_target_%,shot_conversion_%,shot_conversion_on_target_%,up_shot_conversion_%,up_shots_on_target_%,shots_inside_the_box_%,shots_outside_the_box_%,goals_right_foot_%,goals_left_foot_%,goals_with_first_touch_%,big_chance_conversion_%,goals_outside_penalty_area_%,goals_inside_penalty_area_%
Aaron Hunt,0,0,8,6,15.532572875632006,4,0,0,2,2,4,0,0.0,0,0,0,,0.75,0.0,0.0,0.0,0.75,0.0,1.0,,,,,inf,
Adelino André Vieira Freitas,0,0,6,3,13.09171309337079,2,0,0,2,0,4,0,0.0,0,0,0,,0.5,0.0,0.0,0.0,0.5,0.0,1.0,,,,,inf,
Admir Mehmedi,2,0,7,5,15.748294881784469,6,0,0,1,4,2,0,17.29625554563352,0,2,0,0.0,0.714,0.286,0.4,0.286,0.714,0.0,1.0,1.0,0.0,0.0,,3.5,0.0
Albin Ekdal,0,0,3,1,7.182750672256984,1,1,1,0,1,2,0,0.0,0,0,0,,0.333,0.0,0.0,0.0,0.333,0.0,1.0,,,,,inf,
Alejandro Gálvez Jimena,0,0,1,0,5.1788029504896285,1,0,0,0,0,1,0,0.0,0,0,0,,0.0,0.0,,0.0,0.0,0.0,1.0,,,,,inf,
Aleksandar Ignjovski,0,0,1,1,1.0198039027185575,1,0,0,0,0,1,0,0.0,0,0,0,,1.0,0.0,0.0,0.0,1.0,0.0,1.0,,,,,inf,
Alessandro Schöpf,1,0,5,4,24.94018884883153,0,0,0,4,0,1,0,20.54117815511077,0,1,0,0.0,0.8,0.2,0.25,0.2,0.8,0.0,1.0,1.0,0.0,0.0,,5.0,0.0
Alexander Esswein,2,0,12,7,20.250457946562427,5,0,0,7,3,2,0,23.525666277320227,0,2,0,0.0,0.583,0.167,0.286,0.167,0.583,0.0,1.0,0.0,1.0,0.5,,6.0,0.0
Alexander Meier,5,0,23,17,10.763566865547828,18,2,2,2,9,12,2,12.170099785841309,1,2,1,0.2,0.739,0.217,0.294,0.217,0.739,0.0,1.0,0.6,0.2,0.6,0.0,4.6,0.0
Alexandru Iulian Maxim,0,0,7,4,12.938045624873013,4,0,0,2,1,4,0,0.0,0,0,0,,0.571,0.0,0.0,0.0,0.571,0.0,1.0,,,,,inf,
Alfredo Morales,0,0,5,2,10.46896936291609,4,0,0,1,0,4,0,0.0,0,0,0,,0.4,0.0,0.0,0.0,0.4,0.0,1.0,,,,,inf,
Alfreð Finnbogason,1,0,8,7,8.51175098537254,6,0,0,0,3,5,0,8.232860985101105,0,1,1,1.0,0.875,0.125,0.143,0.125,0.875,0.0,1.0,0.0,0.0,0.0,,8.0,0.0
Almog Cohen,0,0,5,1,18.433385824682123,1,0,0,3,1,1,0,0.0,0,0,0,,0.2,0.0,0.0,0.0,0.2,0.0,1.0,,,,,inf,
Andre Hoffmann,0,0,1,1,6.9079664156682234,1,0,0,0,0,1,0,0.0,0,0,0,,1.0,0.0,0.0,0.0,1.0,0.0,1.0,,,,,inf,
Andreas Christensen,0,0,4,2,7.838198616966797,4,0,0,0,0,4,0,0.0,0,0,0,,0.5,0.0,0.0,0.0,0.5,0.0,1.0,,,,,inf,
Andrej Kramarić,1,0,12,10,12.643459583212893,10,0,0,1,6,5,0,9.904544411531512,0,1,1,1.0,0.833,0.083,0.1,0.083,0.833,0.0,1.0,0.0,0.0,0.0,,12.0,0.0
André Hahn,2,0,9,6,14.952819756045557,5,1,1,3,3,3,0,13.945511157200858,0,2,0,0.0,0.667,0.222,0.333,0.222,0.667,0.0,1.0,1.0,0.0,0.5,,4.5,0.0
André Schürrle,2,0,11,9,15.129516184498998,8,0,0,3,5,3,0,12.250378885502926,0,1,0,0.0,0.818,0.182,0.222,0.182,0.818,0.0,1.0,0.5,0.5,0.5,,5.5,0.0
Anthony Modeste,6,0,56,34,12.497338625834654,49,1,1,11,24,21,1,14.970781411037224,2,3,1,0.167,0.607,0.107,0.176,0.107,0.607,0.0,1.0,0.833,0.0,0.5,0.5,9.333,0.0
Anthony Ujah,6,0,27,20,8.91307023478015,23,1,1,1,11,15,1,8.979232659647069,3,2,1,0.167,0.741,0.222,0.3,0.222,0.741,0.0,1.0,0.5,0.333,0.5,0.5,4.5,0.0
Arianit Ferati,0,0,1,0,26.181100053282712,1,0,0,1,0,0,0,0.0,0,0,0,,0.0,0.0,,0.0,0.0,0.0,1.0,,,,,inf,
Arjen Robben,1,0,11,6,13.068817799856845,7,1,1,3,3,5,0,4.940647730814249,0,1,0,0.0,0.545,0.091,0.167,0.091,0.545,0.0,1.0,0.0,0.0,1.0,1.0,11.0,0.0
Aron Jóhannsson,1,0,1,1,5.303772242470445,0,1,1,0,0,1,0,5.303772242470445,0,0,1,1.0,1.0,1.0,1.0,1.0,1.0,0.0,1.0,0.0,0.0,0.0,1.0,1.0,0.0
Artem Kravets,1,0,9,6,12.59971135196886,6,0,0,2,4,3,0,12.738916751435342,0,1,1,1.0,0.667,0.111,0.167,0.111,0.667,0.0,1.0,0.0,0.0,0.0,,9.0,0.0
Artoms Rudņevs,1,0,5,4,14.910821326075993,4,1,1,1,1,3,0,19.68171740473884,1,0,0,0.0,0.8,0.2,0.25,0.2,0.8,0.0,1.0,1.0,0.0,0.0,0.0,5.0,0.0
Artur Sobiech,1,0,10,8,8.451740778658088,9,0,0,1,2,7,0,12.806248474865697,0,1,0,0.0,0.8,0.1,0.125,0.1,0.8,0.0,1.0,1.0,0.0,1.0,,10.0,0.0
Arturo Erasmo Vidal Pardo,1,0,20,10,14.407891725682873,9,2,2,5,7,8,0,8.324061508662703,0,1,0,0.0,0.5,0.05,0.1,0.05,0.5,0.0,1.0,1.0,0.0,1.0,,20.0,0.0
Assani Lukimya-Mulongoti,0,0,4,2,5.736995096960256,3,1,1,0,1,3,0,0.0,0,0,0,,0.5,0.0,0.0,0.0,0.5,0.0,1.0,,,,,inf,
Aytac Sulu,3,0,11,4,10.993083577197764,7,4,4,0,6,5,0,8.758863858394554,0,3,3,1.0,0.364,0.273,0.75,0.273,0.364,0.0,1.0,0.0,0.0,0.0,,3.667,0.0
Bas Dost,1,0,16,5,8.998143010603016,15,0,0,0,8,8,0,7.147027354082253,0,1,0,0.0,0.312,0.062,0.2,0.062,0.312,0.0,1.0,1.0,0.0,1.0,1.0,16.0,0.0
Bastian Oczipka,0,0,3,0,25.687818695345413,0,0,0,2,1,0,0,0.0,0,0,0,,0.0,0.0,,0.0,0.0,0.0,1.0,,,,,inf,
Benedikt Höwedes,1,0,5,2,14.894867936674848,4,1,1,1,1,3,0,5.412023651093926,0,1,1,1.0,0.4,0.2,0.5,0.2,0.4,0.0,1.0,0.0,0.0,0.0,,5.0,0.0
Benjamin Hübner,0,0,11,1,10.829932834737269,11,0,0,0,8,3,0,0.0,0,0,0,,0.091,0.0,0.0,0.0,0.091,0.0,1.0,,,,,inf,
Bruno Henrique Pinto,0,0,1,1,7.629547824084989,1,0,0,0,0,1,0,0.0,0,0,0,,1.0,0.0,0.0,0.0,1.0,0.0,1.0,,,,,inf,
Caiuby Francisco da Silva,1,0,32,20,14.276892149779034,20,3,3,8,9,15,1,12.093386622447824,0,0,0,0.0,0.625,0.031,0.05,0.031,0.625,0.0,1.0,0.0,1.0,1.0,0.0,32.0,0.0
Ceyhun Gülselam,0,0,9,7,15.162690608736881,5,0,0,3,2,4,0,0.0,0,0,0,,0.778,0.0,0.0,0.0,0.778,0.0,1.0,,,,,inf,
Charles Mariano Aránguiz Sandoval,1,0,2,2,10.340847889208673,1,0,0,0,1,1,0,13.37348122217996,0,1,0,0.0,1.0,0.5,0.5,0.5,1.0,0.0,1.0,1.0,0.0,0.0,,2.0,0.0
Christian Clemens,1,0,12,6,17.98153327831196,9,0,0,5,5,2,0,15.725775020646829,0,1,0,0.0,0.5,0.083,0.167,0.083,0.5,0.0,1.0,1.0,0.0,0.0,,12.0,0.0
Christian Gentner,0,0,13,9,12.125255541172008,9,1,1,4,2,7,0,0.0,0,0,0,,0.692,0.0,0.0,0.0,0.692,0.0,1.0,,,,,inf,
Christian Pulisic,1,0,4,3,15.655125149599336,4,0,0,1,2,1,0,15.384407690905746,0,1,0,0.0,0.75,0.25,0.333,0.25,0.75,0.0,1.0,1.0,0.0,0.0,,4.0,0.0
Christian Träsch,0,0,1,1,5.5217750769114105,1,0,0,0,0,1,0,0.0,0,0,0,,1.0,0.0,0.0,0.0,1.0,0.0,1.0,,,,,inf,
Claudio Miguel Pizarro Bossio,3,0,14,10,9.479903256036588,10,3,3,0,8,6,0,10.024457780638363,0,3,2,0.667,0.714,0.214,0.3,0.214,0.714,0.0,1.0,0.333,0.0,0.333,0.0,4.667,0.0
Cleber Janderson Pereira Reis,1,0,9,6,13.324848522891095,7,2,2,1,4,4,0,10.429285689825544,0,1,1,1.0,0.667,0.111,0.167,0.111,0.667,0.0,1.0,0.0,0.0,0.0,,9.0,0.0
Clemens Fritz,0,0,9,7,14.505193847001452,1,0,0,5,0,4,0,0.0,0,0,0,,0.778,0.0,0.0,0.0,0.778,0.0,1.0,,,,,inf,
Daniel Baier,1,0,5,3,22.120869004221493,0,0,0,4,0,1,0,25.028383887099068,0,1,0,0.0,0.6,0.2,0.333,0.2,0.6,0.0,1.0,1.0,0.0,0.0,,5.0,0.0
Daniel Brosinski,0,0,3,1,14.940410872481754,1,0,0,2,0,1,0,0.0,0,0,0,,0.333,0.0,0.0,0.0,0.333,0.0,1.0,,,,,inf,
Daniel Caligiuri,0,0,14,11,13.565047137325264,12,0,0,2,7,5,0,0.0,0,0,0,,0.786,0.0,0.0,0.0,0.786,0.0,1.0,,,,,inf,
Daniel Didavi,3,0,24,18,11.87573015601312,14,2,2,5,8,11,0,15.814696203678068,0,3,0,0.0,0.75,0.125,0.167,0.125,0.75,0.0,1.0,0.333,0.667,0.667,,8.0,0.0
Daniel Ginczek,1,0,4,3,10.878374809246555,3,0,0,1,1,2,0,16.32329623574846,0,1,0,0.0,0.75,0.25,0.333,0.25,0.75,0.0,1.0,1.0,0.0,0.0,,4.0,0.0
Daniel Schwaab,0,0,7,3,15.72024495308908,7,0,0,1,3,3,0,0.0,0,0,0,,0.429,0.0,0.0,0.0,0.429,0.0,1.0,,,,,inf,
Danny Latza,0,0,5,2,28.584386485194962,0,0,0,5,0,0,0,0.0,0,0,0,,0.4,0.0,0.0,0.0,0.4,0.0,1.0,,,,,inf,
Danny Vieira da Costa,0,0,1,1,1.7029386365926436,1,0,0,0,0,1,0,0.0,0,0,0,,1.0,0.0,0.0,0.0,1.0,0.0,1.0,,,,,inf,
Dante Bonfim da Costa Santos,0,0,11,1,12.435861330078824,11,0,0,1,6,4,0,0.0,0,0,0,,0.091,0.0,0.0,0.0,0.091,0.0,1.0,,,,,inf,
Dario Lezcano,1,0,14,8,9.758865219636291,13,0,0,1,6,7,0,11.16467643955703,1,0,0,0.0,0.571,0.071,0.125,0.071,0.571,0.0,1.0,0.0,1.0,1.0,0.0,14.0,0.0
David Olatukunbo Alaba,0,0,4,2,20.88589172593822,1,0,0,1,3,0,0,0.0,0,0,0,,0.5,0.0,0.0,0.0,0.5,0.0,1.0,,,,,inf,
David Ángel Abraham,0,0,8,3,8.232195313416376,7,0,0,0,1,7,0,0.0,0,0,0,,0.375,0.0,0.0,0.0,0.375,0.0,1.0,,,,,inf,
Dominik Kohr,0,0,8,2,17.564293058836217,3,0,0,3,2,3,0,0.0,0,0,0,,0.25,0.0,0.0,0.0,0.25,0.0,1.0,,,,,inf,
Dominik Maroh,0,0,8,3,9.174595302929854,8,0,0,0,3,5,0,0.0,0,0,0,,0.375,0.0,0.0,0.0,0.375,0.0,1.0,,,,,inf,
Dominik Stroh-Engel,0,0,1,1,31.66385952470103,0,0,0,1,0,0,0,0.0,0,0,0,,1.0,0.0,0.0,0.0,1.0,0.0,1.0,,,,,inf,
Dong-Won Ji,0,0,5,2,14.305033654530646,3,0,0,2,1,2,0,0.0,0,0,0,,0.4,0.0,0.0,0.0,0.4,0.0,1.0,,,,,inf,
Douglas Costa de Souza,1,0,11,9,17.07643643095681,6,0,0,3,6,2,0,27.79370432310166,0,1,0,0.0,0.818,0.091,0.111,0.091,0.818,0.0,1.0,0.0,1.0,0.0,,11.0,0.0
Dušan Švento,1,0,1,1,9.305912099305475,1,0,0,0,0,1,0,9.305912099305475,1,0,0,0.0,1.0,1.0,1.0,1.0,1.0,0.0,1.0,1.0,0.0,0.0,1.0,1.0,0.0
Edgar Prib,0,0,6,5,19.550554178761917,2,0,0,3,2,1,0,0.0,0,0,0,,0.833,0.0,0.0,0.0,0.833,0.0,1.0,,,,,inf,
Eduardo Jesús Vargas Rojas,1,0,10,7,12.551635533131968,7,0,0,1,4,5,0,17.734147850968196,0,1,0,0.0,0.7,0.1,0.143,0.1,0.7,0.0,1.0,1.0,0.0,1.0,,10.0,0.0
Elias Kachunga,0,0,3,1,12.402358524278588,2,1,1,1,0,2,0,0.0,0,0,0,,0.333,0.0,0.0,0.0,0.333,0.0,1.0,,,,,inf,
Emiliano Adrián Insúa Zapata,0,0,5,3,24.53334047383144,2,0,0,3,2,0,0,0.0,0,0,0,,0.6,0.0,0.0,0.0,0.6,0.0,1.0,,,,,inf,
Emir Spahić,0,0,7,3,6.220781241408846,5,2,2,0,0,7,0,0.0,0,0,0,,0.429,0.0,0.0,0.0,0.429,0.0,1.0,,,,,inf,
Erik Durm,0,0,1,0,29.698484809835,0,0,0,1,0,0,0,0.0,0,0,0,,0.0,0.0,,0.0,0.0,0.0,1.0,,,,,inf,
Ermin Bičakčić,0,0,3,1,5.524868317008456,3,0,0,0,1,2,0,0.0,0,0,0,,0.333,0.0,0.0,0.0,0.333,0.0,1.0,,,,,inf,
Eugen Polanski,0,0,7,4,16.351313068183273,2,0,0,2,3,2,0,0.0,0,0,0,,0.571,0.0,0.0,0.0,0.571,0.0,1.0,,,,,inf,
Fabian Frei,0,0,3,1,8.480712172076947,2,0,0,0,2,1,0,0.0,0,0,0,,0.333,0.0,0.0,0.0,0.333,0.0,1.0,,,,,inf,
Fabian Holland,0,0,2,1,23.736168829603496,1,0,0,1,1,0,0,0.0,0,0,0,,0.5,0.0,0.0,0.0,0.5,0.0,1.0,,,,,inf,
Fabian Johnson,3,0,7,6,9.74019868548199,5,1,1,0,3,4,0,12.652070324298952,1,2,0,0.0,0.857,0.429,0.5,0.429,0.857,0.0,1.0,0.667,0.333,0.667,1.0,2.333,0.0
Fabian Lukas Schär,1,0,4,2,20.064034714575268,2,0,0,2,2,0,0,12.120231020900551,0,1,1,1.0,0.5,0.25,0.5,0.25,0.5,0.0,1.0,0.0,0.0,0.0,,4.0,0.0
Fabian Lustenberger,0,0,5,2,12.036128769883883,4,1,1,1,1,3,0,0.0,0,0,0,,0.4,0.0,0.0,0.0,0.4,0.0,1.0,,,,,inf,
Felix Klaus,0,0,4,3,7.868427396841857,2,1,1,0,2,2,0,0.0,0,0,0,,0.75,0.0,0.0,0.0,0.75,0.0,1.0,,,,,inf,
Felix Kroos,0,0,2,0,22.17464684285719,1,0,0,1,1,0,0,0.0,0,0,0,,0.0,0.0,,0.0,0.0,0.0,1.0,,,,,inf,
Filip Kostić,2,0,8,5,14.821634471393175,6,0,0,1,5,2,0,14.680849447120078,0,2,0,0.0,0.625,0.25,0.4,0.25,0.625,0.0,1.0,0.0,1.0,0.0,,4.0,0.0
Filip Mladenović,0,0,4,2,19.760169689703744,2,0,0,2,0,2,0,0.0,0,0,0,,0.5,0.0,0.0,0.0,0.5,0.0,1.0,,,,,inf,
Fin Bartels,3,0,12,10,13.735983524975516,10,0,0,2,5,5,0,15.08616323488193,1,2,0,0.0,0.833,0.25,0.3,0.25,0.833,0.0,1.0,0.667,0.333,0.0,1.0,4.0,0.0
Florian Grillitsch,1,0,6,6,7.598168610895994,2,0,0,1,1,4,0,24.052026941611388,1,0,0,0.0,1.0,0.167,0.167,0.167,1.0,0.0,1.0,1.0,0.0,0.0,0.0,6.0,0.0
Florian Jungwirth,0,0,3,2,10.473093557521361,3,0,0,0,2,1,0,0.0,0,0,0,,0.667,0.0,0.0,0.0,0.667,0.0,1.0,,,,,inf,
Florian Klein,0,0,2,2,15.755644302959249,1,0,0,1,0,1,0,0.0,0,0,0,,1.0,0.0,0.0,0.0,1.0,0.0,1.0,,,,,inf,
Franck Bilal Ribéry,0,0,2,1,8.792570368558293,2,0,0,0,1,1,0,0.0,0,0,0,,0.5,0.0,0.0,0.0,0.5,0.0,1.0,,,,,inf,
Franco Matías Di Santo,2,0,15,8,13.148571663258616,11,1,1,4,3,8,0,10.018182558202376,0,2,2,1.0,0.533,0.133,0.25,0.133,0.533,0.0,1.0,0.0,0.0,0.0,,7.5,0.0
Frederik Hillesborg Sørensen,0,0,1,1,11.416216536138405,1,0,0,0,1,0,0,0.0,0,0,0,,1.0,0.0,0.0,0.0,1.0,0.0,1.0,,,,,inf,
Gaëtan Bussmann,0,0,4,1,14.854622225303551,3,0,0,1,2,1,0,0.0,0,0,0,,0.25,0.0,0.0,0.0,0.25,0.0,1.0,,,,,inf,
Genki Haraguchi,1,0,10,6,13.77364658427534,5,1,1,3,3,4,1,10.860018416190648,0,0,0,0.0,0.6,0.1,0.167,0.1,0.6,0.0,1.0,1.0,0.0,1.0,,10.0,0.0
Georg Niedermeier,1,0,3,2,7.52333678323939,3,0,0,0,0,3,0,7.762087348130006,0,1,1,1.0,0.667,0.333,0.5,0.333,0.667,0.0,1.0,0.0,0.0,0.0,,3.0,0.0
Gideon Jung,0,0,5,3,9.09894024776739,2,1,1,1,0,4,0,0.0,0,0,0,,0.6,0.0,0.0,0.0,0.6,0.0,1.0,,,,,inf,
Gonzalo Castro Randon,0,0,3,1,23.55859440716849,1,0,0,2,1,0,0,0.0,0,0,0,,0.333,0.0,0.0,0.0,0.333,0.0,1.0,,,,,inf,
Gotoku Sakai,0,0,3,1,17.828716357793894,2,0,0,1,2,0,0,0.0,0,0,0,,0.333,0.0,0.0,0.0,0.333,0.0,1.0,,,,,inf,
Granit Xhaka,0,0,10,4,12.620603409788545,4,1,1,3,2,5,0,0.0,0,0,0,,0.4,0.0,0.0,0.0,0.4,0.0,1.0,,,,,inf,
Gustavo Adrián Ramos Vásquez,4,0,15,12,7.230498151145979,12,2,2,0,6,9,1,9.654346463567455,1,2,1,0.25,0.8,0.267,0.333,0.267,0.8,0.0,1.0,0.5,0.25,0.5,0.5,3.75,0.0
György Garics,0,0,1,1,4.924428900898052,1,0,0,0,0,1,0,0.0,0,0,0,,1.0,0.0,0.0,0.0,1.0,0.0,1.0,,,,,inf,
Hakan Çalhanoğlu,1,0,13,11,11.205049781447435,6,0,0,4,2,7,0,24.900803199896984,0,1,0,0.0,0.846,0.077,0.091,0.077,0.846,0.0,1.0,1.0,0.0,0.0,,13.0,0.0
Halil Altıntop,0,0,5,2,12.67267452416333,4,0,0,0,4,1,0,0.0,0,0,0,,0.4,0.0,0.0,0.0,0.4,0.0,1.0,,,,,inf,
Haris Seferović,1,0,31,17,11.923093166038894,21,2,2,7,6,18,0,21.224985276791124,0,1,0,0.0,0.548,0.032,0.059,0.032,0.548,0.0,1.0,0.0,1.0,1.0,0.0,31.0,0.0
Henrikh Mkhitaryan,1,0,15,10,12.862187787454863,9,1,1,5,4,6,0,15.220052562327107,0,1,0,0.0,0.667,0.067,0.1,0.067,0.667,0.0,1.0,0.0,1.0,0.0,0.0,15.0,0.0
Hiroki Sakai,1,0,3,2,11.671746825085464,2,1,1,1,0,2,0,22.940139493908923,0,1,0,0.0,0.667,0.333,0.5,0.333,0.667,0.0,1.0,1.0,0.0,1.0,,3.0,0.0
Hiroshi Kiyotake,0,0,5,0,21.07463024153304,2,0,0,4,1,0,0,0.0,0,0,0,,0.0,0.0,,0.0,0.0,0.0,1.0,,,,,inf,
Hugo Miguel Pereira de Almeida,0,0,6,2,14.486349342868499,4,0,0,2,2,2,0,0.0,0,0,0,,0.333,0.0,0.0,0.0,0.333,0.0,1.0,,,,,inf,
Håvard Nordtveit,1,0,4,3,14.080214754830934,3,0,0,1,1,2,0,28.71236667361296,0,1,0,0.0,0.75,0.25,0.333,0.25,0.75,0.0,1.0,1.0,0.0,0.0,,4.0,0.0
Ibrahima Traoré,2,0,9,8,7.4205915113856,7,0,0,1,2,6,0,13.688874164745648,0,2,0,0.0,0.889,0.222,0.25,0.222,0.889,0.0,1.0,0.0,1.0,0.0,,4.5,0.0
Ivan Perišić,0,0,1,1,2.6925824035672647,0,0,0,0,0,1,0,0.0,0,0,0,,1.0,0.0,0.0,0.0,1.0,0.0,1.0,,,,,inf,
Iver Tobias Rørvik Fossum,0,0,3,1,15.273410219073922,2,0,0,1,1,1,0,0.0,0,0,0,,0.333,0.0,0.0,0.0,0.333,0.0,1.0,,,,,inf,
Ivica Olić,0,0,3,3,4.76825656369099,2,0,0,0,0,3,0,0.0,0,0,0,,1.0,0.0,0.0,0.0,1.0,0.0,1.0,,,,,inf,
Ivo Iličević,1,0,10,6,15.749725571671608,6,0,0,3,6,1,0,13.245754036671528,0,1,0,0.0,0.6,0.1,0.167,0.1,0.6,0.0,1.0,1.0,0.0,0.0,,10.0,0.0
Ja-Cheol Koo,1,0,11,7,7.576052709840618,6,1,1,0,3,8,0,12.215563842901394,1,0,0,0.0,0.636,0.091,0.143,0.091,0.636,0.0,1.0,1.0,0.0,1.0,,11.0,0.0
Jairo Samperio Bustara,1,0,9,6,10.490595154153585,5,0,0,2,2,5,0,16.130716041143373,0,1,0,0.0,0.667,0.111,0.167,0.111,0.667,0.0,1.0,1.0,0.0,1.0,0.0,9.0,0.0
Jan Rosenthal,0,0,6,1,10.830740100600886,4,1,1,1,2,3,0,0.0,0,0,0,,0.167,0.0,0.0,0.0,0.167,0.0,1.0,,,,,inf,
Jan-Ingwer Callsen-Bracker,1,0,2,2,4.134326982277944,0,1,1,0,0,2,0,4.373785545725805,0,1,1,1.0,1.0,0.5,0.5,0.5,1.0,0.0,1.0,0.0,0.0,0.0,,2.0,0.0
Janek Sternberg,0,0,2,1,19.61846411535004,2,0,0,1,1,0,0,0.0,0,0,0,,0.5,0.0,0.0,0.0,0.5,0.0,1.0,,,,,inf,
Jannik Vestergaard,0,0,21,6,10.126349925237864,19,1,1,1,10,10,0,0.0,0,0,0,,0.286,0.0,0.0,0.0,0.286,0.0,1.0,,,,,inf,
Javier Hernández Balcázar,7,0,22,18,8.04355249941705,13,7,7,2,5,15,0,11.047155538953906,0,7,3,0.429,0.818,0.318,0.389,0.318,0.818,0.0,1.0,0.429,0.143,0.286,1.0,3.143,0.0
Jean-Eric Maxim Choupo-Moting,4,0,17,9,13.32707084447374,12,1,1,4,5,8,1,14.134727717956217,2,1,0,0.0,0.529,0.235,0.444,0.235,0.529,0.0,1.0,0.5,0.5,0.25,,4.25,0.0
Jens Hegeler,0,0,4,3,10.446521411997734,4,0,0,1,1,2,0,0.0,0,0,0,,0.75,0.0,0.0,0.0,0.75,0.0,1.0,,,,,inf,
Jeong-Ho Hong,0,0,6,3,8.727667691844074,6,0,0,0,3,3,0,0.0,0,0,0,,0.5,0.0,0.0,0.0,0.5,0.0,1.0,,,,,inf,
Jeremy Toljan,1,0,1,1,13.282319074619465,1,0,0,0,1,0,0,13.282319074619465,0,1,0,0.0,1.0,1.0,1.0,1.0,1.0,0.0,1.0,1.0,0.0,0.0,,1.0,0.0
Jhon Andrés Córdoba Copete,3,0,15,10,9.16939329522602,13,0,0,1,5,9,0,19.217905399001552,1,2,0,0.0,0.667,0.2,0.3,0.2,0.667,0.0,1.0,0.667,0.333,0.333,0.0,5.0,0.0
Jin-Su Kim,0,0,4,4,16.39794480285631,0,0,0,2,0,2,0,0.0,0,0,0,,1.0,0.0,0.0,0.0,1.0,0.0,1.0,,,,,inf,
Joel Gerezgiher,0,0,2,1,12.490987142446361,2,0,0,0,2,0,0,0.0,0,0,0,,0.5,0.0,0.0,0.0,0.5,0.0,1.0,,,,,inf,
Johan Danon Djourou-Gbadjere,0,0,3,2,10.250786370254941,3,0,0,0,2,1,0,0.0,0,0,0,,0.667,0.0,0.0,0.0,0.667,0.0,1.0,,,,,inf,
Johannes Geis,0,0,1,0,35.76101228992266,0,0,0,1,0,0,0,0.0,0,0,0,,0.0,0.0,,0.0,0.0,0.0,1.0,,,,,inf,
John Anthony Brooks,0,0,3,1,7.3935106198913445,3,0,0,0,0,3,0,0.0,0,0,0,,0.333,0.0,0.0,0.0,0.333,0.0,1.0,,,,,inf,
Jonas Hector,0,0,2,1,15.846902748019387,1,0,0,1,0,1,0,0.0,0,0,0,,0.5,0.0,0.0,0.0,0.5,0.0,1.0,,,,,inf,
Jonas Hofmann,0,0,6,4,14.522686662283038,3,0,0,1,4,1,0,0.0,0,0,0,,0.667,0.0,0.0,0.0,0.667,0.0,1.0,,,,,inf,
Jonathan Schmid,1,0,5,3,12.558703419373916,4,1,1,1,1,3,0,7.874642849044014,0,1,0,0.0,0.6,0.2,0.333,0.2,0.6,0.0,1.0,1.0,0.0,1.0,,5.0,0.0
Jonathan Tah,0,0,10,3,7.661948686638756,8,2,2,0,1,9,0,0.0,0,0,0,,0.3,0.0,0.0,0.0,0.3,0.0,1.0,,,,,inf,
Josip Drmic,0,0,4,4,0.872493420593101,4,0,0,0,0,4,0,0.0,0,0,0,,1.0,0.0,0.0,0.0,1.0,0.0,1.0,,,,,inf,
Josuha Guilavogui,0,0,7,3,25.85179358697841,4,0,0,4,2,1,0,0.0,0,0,0,,0.429,0.0,0.0,0.0,0.429,0.0,1.0,,,,,inf,
Joël Andre Job Matip,3,0,26,10,9.386089830686739,23,3,3,1,10,15,0,10.246890357994388,0,3,3,1.0,0.385,0.115,0.3,0.115,0.385,0.0,1.0,0.0,0.0,0.0,0.0,8.667,0.0
Juan Bernat Velasco,0,0,1,0,18.176083186429356,1,0,0,0,1,0,0,0.0,0,0,0,,0.0,0.0,,0.0,0.0,0.0,1.0,,,,,inf,
Julian Baumgartlinger,1,0,5,1,12.854806645177414,5,0,0,0,3,2,0,12.11156472137271,0,1,0,0.0,0.2,0.2,1.0,0.2,0.2,0.0,1.0,1.0,0.0,1.0,,5.0,0.0
Julian Brandt,2,0,6,5,15.051217860334555,5,0,0,2,2,2,0,15.809867957207523,0,2,0,0.0,0.833,0.333,0.4,0.333,0.833,0.0,1.0,1.0,0.0,0.5,,3.0,0.0
Julian Draxler,2,0,9,6,14.61150248094957,7,0,0,2,6,1,0,13.211284879002257,0,2,0,0.0,0.667,0.222,0.333,0.222,0.667,0.0,1.0,0.5,0.5,0.5,,4.5,0.0
Julian Korb,0,0,1,0,20.203960007879644,1,0,0,1,0,0,0,0.0,0,0,0,,0.0,0.0,,0.0,0.0,0.0,1.0,,,,,inf,
Julian Weigl,0,0,2,1,12.811161589014509,0,0,0,1,0,1,0,0.0,0,0,0,,0.5,0.0,0.0,0.0,0.5,0.0,1.0,,,,,inf,
Jérôme Gondorf,0,0,3,3,1.1517895163858283,1,0,0,0,0,3,0,0.0,0,0,0,,1.0,0.0,0.0,0.0,1.0,0.0,1.0,,,,,inf,
Karim Bellarabi,2,0,24,15,14.459206711762064,15,1,1,4,13,7,0,16.712040670011177,0,2,0,0.0,0.625,0.083,0.133,0.083,0.625,0.0,1.0,1.0,0.0,0.0,0.0,12.0,0.0
Karim Onisiwo,0,0,3,2,7.4660533501283455,2,1,1,0,1,2,0,0.0,0,0,0,,0.667,0.0,0.0,0.0,0.667,0.0,1.0,,,,,inf,
Kenan Karaman,0,0,18,10,16.47066569672678,8,0,0,9,4,5,0,0.0,0,0,0,,0.556,0.0,0.0,0.0,0.556,0.0,1.0,,,,,inf,
Kevin Kampl,1,0,6,4,13.650078341476288,1,0,0,2,1,3,0,26.442768387595127,0,1,0,0.0,0.667,0.167,0.25,0.167,0.667,0.0,1.0,1.0,0.0,0.0,,6.0,0.0
Kevin Kuranyi,0,0,5,2,7.401343561197544,3,2,2,0,0,5,0,0.0,0,0,0,,0.4,0.0,0.0,0.0,0.4,0.0,1.0,,,,,inf,
Kevin Vogt,0,0,4,3,13.603265197124603,2,0,0,1,1,2,0,0.0,0,0,0,,0.75,0.0,0.0,0.0,0.75,0.0,1.0,,,,,inf,
Kevin Volland,0,0,15,7,14.47351014629039,9,1,1,4,4,7,0,0.0,0,0,0,,0.467,0.0,0.0,0.0,0.467,0.0,1.0,,,,,inf,
Kingsley Coman,0,0,8,5,13.81917959503067,6,0,0,2,2,4,0,0.0,0,0,0,,0.625,0.0,0.0,0.0,0.625,0.0,1.0,,,,,inf,
Klaas-Jan Huntelaar,3,0,27,13,8.875668924374192,26,1,1,0,13,14,1,9.115893369570607,0,1,0,0.0,0.481,0.111,0.231,0.111,0.481,0.0,1.0,0.667,0.333,0.667,1.0,9.0,0.0
Konstantin Engel,0,0,1,1,38.42941581653305,0,0,0,1,0,0,0,0.0,0,0,0,,1.0,0.0,0.0,0.0,1.0,0.0,1.0,,,,,inf,
Konstantin Rausch,1,0,8,5,13.01493224088815,3,0,0,3,1,4,0,22.660317738284256,0,1,0,0.0,0.625,0.125,0.2,0.125,0.625,0.0,1.0,1.0,0.0,1.0,,8.0,0.0
Konstantinos Stafylidis,0,0,2,1,28.230000301163685,0,0,0,2,0,0,0,0.0,0,0,0,,0.5,0.0,0.0,0.0,0.5,0.0,1.0,,,,,inf,
Kyriakos Papadopoulos,0,0,6,1,18.006723096756232,6,0,0,2,3,1,0,0.0,0,0,0,,0.167,0.0,0.0,0.0,0.167,0.0,1.0,,,,,inf,
Lars Bender,0,0,2,0,13.608205054348959,1,0,0,1,0,1,0,0.0,0,0,0,,0.0,0.0,,0.0,0.0,0.0,1.0,,,,,inf,
Lars Edi Stindl,3,0,24,18,9.90893831949487,21,1,1,1,11,12,0,10.613015645704323,0,3,1,0.333,0.75,0.125,0.167,0.125,0.75,0.0,1.0,0.667,0.0,0.0,0.0,8.0,0.0
Leon Aderemi Balogun,1,0,8,4,6.423188365900625,8,0,0,0,2,6,0,8.028075734570518,0,1,1,1.0,0.5,0.125,0.25,0.125,0.5,0.0,1.0,0.0,0.0,0.0,,8.0,0.0
Leon Andreasen,0,0,1,1,3.2249030993194148,0,0,0,0,0,1,0,0.0,0,0,0,,1.0,0.0,0.0,0.0,1.0,0.0,1.0,,,,,inf,
Leon Goretzka,0,0,12,4,16.41785893233876,7,0,0,4,6,2,0,0.0,0,0,0,,0.333,0.0,0.0,0.0,0.333,0.0,1.0,,,,,inf,
Leonardo Bittencourt,2,0,11,7,12.081137169660916,6,0,0,1,5,5,0,11.914770074040316,0,2,1,0.5,0.636,0.182,0.286,0.182,0.636,0.0,1.0,0.5,0.0,0.0,,5.5,0.0
Leroy Sané,0,0,21,13,10.46585665188655,15,0,0,5,3,13,0,0.0,0,0,0,,0.619,0.0,0.0,0.0,0.619,0.0,1.0,,,,,inf,
Levin Mete Öztunali,0,0,9,6,13.054973424158614,5,0,0,3,2,4,0,0.0,0,0,0,,0.667,0.0,0.0,0.0,0.667,0.0,1.0,,,,,inf,
Lewis Harry Holtby,1,0,10,4,15.627462339549107,4,0,0,4,3,3,0,13.548431643551952,0,1,0,0.0,0.4,0.1,0.25,0.1,0.4,0.0,1.0,0.0,1.0,0.0,,10.0,0.0
Luc Castaignos,2,0,11,6,13.956790797156394,10,0,0,3,4,4,0,20.18278340630436,0,2,0,0.0,0.545,0.182,0.333,0.182,0.545,0.0,1.0,1.0,0.0,0.5,,5.5,0.0
Luca Caldirola,0,0,7,6,7.325421624733407,4,3,3,1,1,5,0,0.0,0,0,0,,0.857,0.0,0.0,0.0,0.857,0.0,1.0,,,,,inf,
Luiz Gustavo Dias,0,0,7,2,17.29271589749464,3,0,0,3,1,3,0,0.0,0,0,0,,0.286,0.0,0.0,0.0,0.286,0.0,1.0,,,,,inf,
Lukas Hinterseer,1,0,6,5,10.353009523664271,1,1,1,2,0,4,0,8.276472678623424,0,1,1,1.0,0.833,0.167,0.2,0.167,0.833,0.0,1.0,0.0,0.0,0.0,,6.0,0.0
Lukas Rupp,1,0,16,12,11.16393579825289,9,0,0,4,2,10,0,14.610270360263696,0,1,0,0.0,0.75,0.062,0.083,0.062,0.75,0.0,1.0,1.0,0.0,0.0,0.0,16.0,0.0
Mahmoud Dahoud,2,0,9,6,19.009310748856446,4,0,0,4,5,0,0,19.856204847703825,0,2,0,0.0,0.667,0.222,0.333,0.222,0.667,0.0,1.0,1.0,0.0,0.0,,4.5,0.0
Makoto Hasebe,0,0,3,1,18.71063577182539,0,0,0,2,0,1,0,0.0,0,0,0,,0.333,0.0,0.0,0.0,0.333,0.0,1.0,,,,,inf,
Manuel Schmiedebach,0,0,6,3,15.578828508027144,1,0,0,3,1,2,0,0.0,0,0,0,,0.5,0.0,0.0,0.0,0.5,0.0,1.0,,,,,inf,
Marc Stendera,0,0,10,7,17.71642424614432,3,0,0,6,1,3,0,0.0,0,0,0,,0.7,0.0,0.0,0.0,0.7,0.0,1.0,,,,,inf,
Marcel Heller,1,0,12,7,17.841909167962037,10,0,0,6,1,5,0,20.66349438018652,0,1,0,0.0,0.583,0.083,0.143,0.083,0.583,0.0,1.0,1.0,0.0,0.0,0.0,12.0,0.0
Marcel Risse,1,0,6,6,13.93845192428865,3,0,0,1,3,2,0,24.577225229874916,0,1,0,0.0,1.0,0.167,0.167,0.167,1.0,0.0,1.0,1.0,0.0,1.0,,6.0,0.0
Marcel Schmelzer,0,0,3,1,12.747959315697457,1,0,0,1,1,1,0,0.0,0,0,0,,0.333,0.0,0.0,0.0,0.333,0.0,1.0,,,,,inf,
Marcel Schäfer,0,0,3,2,9.569738592944136,3,0,0,0,2,1,0,0.0,0,0,0,,0.667,0.0,0.0,0.0,0.667,0.0,1.0,,,,,inf,
Marcelo Alfonso Díaz Rojas,0,0,3,1,27.969406481683745,0,0,0,3,0,0,0,0.0,0,0,0,,0.333,0.0,0.0,0.0,0.333,0.0,1.0,,,,,inf,
Marcelo Antônio Guedes Filho,1,0,6,5,5.882336295551931,4,2,2,0,1,5,0,7.648529270389184,0,1,1,1.0,0.833,0.167,0.2,0.167,0.833,0.0,1.0,0.0,0.0,0.0,,6.0,0.0
Marco Jhonfai Fabián De La Mora,0,0,3,1,19.105006073251648,2,0,0,1,1,1,0,0.0,0,0,0,,0.333,0.0,0.0,0.0,0.333,0.0,1.0,,,,,inf,
Marco Reus,3,0,6,4,19.37435476822732,6,0,0,2,3,1,0,17.46097579626436,0,3,0,0.0,0.667,0.5,0.75,0.5,0.667,0.0,1.0,0.667,0.333,0.333,,2.0,0.0
Marco Russ,0,0,14,9,11.167515137356899,8,2,2,2,2,10,0,0.0,0,0,0,,0.643,0.0,0.0,0.0,0.643,0.0,1.0,,,,,inf,
Mario Götze,1,0,9,6,7.97882002969321,4,4,4,1,1,7,0,14.932514858522657,0,1,0,0.0,0.667,0.111,0.167,0.111,0.667,0.0,1.0,1.0,0.0,0.0,0.0,9.0,0.0
Mario Vrančić,0,0,4,2,18.251138152356237,3,0,0,1,2,1,0,0.0,0,0,0,,0.5,0.0,0.0,0.0,0.5,0.0,1.0,,,,,inf,
Mark Uth,1,0,13,10,8.715992046722063,8,3,3,1,3,9,0,9.492101980067423,1,0,0,0.0,0.769,0.077,0.1,0.077,0.769,0.0,1.0,0.0,1.0,1.0,,13.0,0.0
Markus Feulner,0,0,2,1,15.516077801104176,1,0,0,0,2,0,0,0.0,0,0,0,,0.5,0.0,0.0,0.0,0.5,0.0,1.0,,,,,inf,
Markus Suttner,0,0,2,1,13.666839284948733,0,0,0,1,0,1,0,0.0,0,0,0,,0.5,0.0,0.0,0.0,0.5,0.0,1.0,,,,,inf,
Martin Harnik,0,0,14,10,7.836312896245046,11,2,2,1,4,9,0,0.0,0,0,0,,0.714,0.0,0.0,0.0,0.714,0.0,1.0,,,,,inf,
Marvin Matip,0,0,9,3,8.288256599511811,9,0,0,0,3,6,0,0.0,0,0,0,,0.333,0.0,0.0,0.0,0.333,0.0,1.0,,,,,inf,
Marvin Plattenhardt,0,0,2,1,13.415819149243058,0,0,0,1,0,1,0,0.0,0,0,0,,0.5,0.0,0.0,0.0,0.5,0.0,1.0,,,,,inf,
Mathew Leckie,1,0,14,8,9.840254296964119,10,1,1,1,4,9,0,28.119210515233174,0,1,0,0.0,0.571,0.071,0.125,0.071,0.571,0.0,1.0,0.0,1.0,0.0,,14.0,0.0
Mats Hummels,2,0,9,8,8.241025617252125,7,1,1,1,1,7,0,8.13569679957615,0,2,1,0.5,0.889,0.222,0.25,0.222,0.889,0.0,1.0,0.0,0.5,0.0,1.0,4.5,0.0
Matthias Ginter,1,0,6,2,16.150287310204696,6,0,0,1,3,2,0,17.389939620366714,0,1,0,0.0,0.333,0.167,0.5,0.167,0.333,0.0,1.0,0.0,1.0,0.0,,6.0,0.0
Matthias Lehmann,0,0,3,2,24.465235683039065,0,0,0,3,0,0,0,0.0,0,0,0,,0.667,0.0,0.0,0.0,0.667,0.0,1.0,,,,,inf,
Matthias Ostrzolek,0,0,3,1,21.213631388771834,1,0,0,2,0,1,0,0.0,0,0,0,,0.333,0.0,0.0,0.0,0.333,0.0,1.0,,,,,inf,
Maurice Multhaup,0,0,1,0,14.440221604947753,1,0,0,0,1,0,0,0.0,0,0,0,,0.0,0.0,,0.0,0.0,0.0,1.0,,,,,inf,
Max Christiansen,0,0,3,3,12.076213546235502,0,0,0,1,0,2,0,0.0,0,0,0,,1.0,0.0,0.0,0.0,1.0,0.0,1.0,,,,,inf,
Max Kruse,1,0,20,14,9.985440741742476,17,1,1,0,11,9,0,10.121264743103994,0,1,1,1.0,0.7,0.05,0.071,0.05,0.7,0.0,1.0,0.0,0.0,0.0,,20.0,0.0
Max Meyer,1,0,14,13,8.649146402842968,12,1,1,1,4,9,0,7.360027173862883,0,1,0,0.0,0.929,0.071,0.077,0.071,0.929,0.0,1.0,1.0,0.0,0.0,,14.0,0.0
Maximilian Arnold,1,0,5,3,14.132529451044515,3,0,0,2,1,2,0,6.413267497929582,1,0,0,0.0,0.6,0.2,0.333,0.2,0.6,0.0,1.0,0.0,1.0,1.0,,5.0,0.0
Mevlüt Erdinç,0,0,2,0,16.19420989936414,1,0,0,1,0,1,0,0.0,0,0,0,,0.0,0.0,,0.0,0.0,0.0,1.0,,,,,inf,
Michael Gregoritsch,1,0,14,8,9.569397757913233,9,1,1,2,2,10,0,6.041522986797286,0,1,0,0.0,0.571,0.071,0.125,0.071,0.571,0.0,1.0,1.0,0.0,1.0,0.333,14.0,0.0
Miiko Martín Albornoz Inola,0,0,2,1,16.443534608051877,1,0,0,1,0,1,0,0.0,0,0,0,,0.5,0.0,0.0,0.0,0.5,0.0,1.0,,,,,inf,
Miloš Jojić,0,0,6,2,22.65915746360284,2,0,0,3,2,1,0,0.0,0,0,0,,0.333,0.0,0.0,0.0,0.333,0.0,1.0,,,,,inf,
Mitchell Weiser,1,0,6,3,11.484207380816285,4,1,1,1,3,2,0,21.365392577717827,1,0,0,0.0,0.5,0.167,0.333,0.167,0.5,0.0,1.0,0.0,1.0,1.0,,6.0,0.0
Moritz Hartmann,1,0,17,9,14.352661408491407,9,0,0,4,6,7,0,10.670520137275409,0,1,1,1.0,0.529,0.059,0.111,0.059,0.529,0.0,1.0,0.0,0.0,0.0,,17.0,0.0
Moritz Leitner,0,0,2,1,14.698761649799554,0,0,0,1,0,1,0,0.0,0,0,0,,0.5,0.0,0.0,0.0,0.5,0.0,1.0,,,,,inf,
Mërgim Mavraj,0,0,2,0,14.306118813723868,0,1,1,1,0,1,0,0.0,0,0,0,,0.0,0.0,,0.0,0.0,0.0,1.0,,,,,inf,
Nadiem Amiri,1,0,15,9,16.371733363534982,11,0,0,6,5,4,0,14.389232085139216,0,1,0,0.0,0.6,0.067,0.111,0.067,0.6,0.0,1.0,1.0,0.0,1.0,,15.0,0.0
Nicklas Bendtner,0,0,3,1,13.125297196943992,3,0,0,1,1,1,0,0.0,0,0,0,,0.333,0.0,0.0,0.0,0.333,0.0,1.0,,,,,inf,
Nico Elvedi,0,0,1,1,0.943398113205658,0,1,1,0,0,1,0,0.0,0,0,0,,1.0,0.0,0.0,0.0,1.0,0.0,1.0,,,,,inf,
Nicolai Müller,1,0,9,5,18.024925844915746,7,2,2,2,5,2,0,15.116877984557517,0,1,0,0.0,0.556,0.111,0.2,0.111,0.556,0.0,1.0,1.0,0.0,0.0,0.0,9.0,0.0
Niklas Stark,1,0,6,3,9.320519711971315,4,1,1,1,1,4,0,4.15932686861708,0,1,1,1.0,0.5,0.167,0.333,0.167,0.5,0.0,1.0,0.0,0.0,0.0,1.0,6.0,0.0
Niklas Süle,0,0,3,1,11.107770109155233,3,0,0,0,1,2,0,0.0,0,0,0,,0.333,0.0,0.0,0.0,0.333,0.0,1.0,,,,,inf,
Niko Bungert,0,0,4,1,7.963760558343203,4,0,0,0,2,2,0,0.0,0,0,0,,0.25,0.0,0.0,0.0,0.25,0.0,1.0,,,,,inf,
Noah-Joel Sarenren-Bazee,0,0,9,4,9.642878348103954,8,0,0,1,3,5,0,0.0,0,0,0,,0.444,0.0,0.0,0.0,0.444,0.0,1.0,,,,0.0,inf,
Nuri Şahin,0,0,1,1,17.10467772277513,0,0,0,0,1,0,0,0.0,0,0,0,,1.0,0.0,0.0,0.0,1.0,0.0,1.0,,,,,inf,
Oliver Sorg,0,0,2,1,2.7955007288503957,1,0,0,0,0,2,0,0.0,0,0,0,,0.5,0.0,0.0,0.0,0.5,0.0,1.0,,,,,inf,
Oscar Wendt,0,0,4,3,13.420548407655799,3,0,0,2,0,2,0,0.0,0,0,0,,0.75,0.0,0.0,0.0,0.75,0.0,1.0,,,,,inf,
Pablo Ezequiel De Blasis,0,0,9,6,10.53259851128317,6,1,1,2,2,5,0,0.0,0,0,0,,0.667,0.0,0.0,0.0,0.667,0.0,1.0,,,,,inf,
Papiss Mison Djilobodji,1,0,9,5,11.928905059584984,5,3,3,2,1,6,0,0.7810249675906665,1,0,0,0.0,0.556,0.111,0.2,0.111,0.556,0.0,1.0,0.0,1.0,0.0,1.0,9.0,0.0
Pascal Groß,0,0,10,5,14.884517539340857,3,0,0,3,3,4,0,0.0,0,0,0,,0.5,0.0,0.0,0.0,0.5,0.0,1.0,,,,,inf,
Patrick Herrmann,0,0,3,3,5.313139774322367,3,0,0,0,1,2,0,0.0,0,0,0,,1.0,0.0,0.0,0.0,1.0,0.0,1.0,,,,,inf,
Paul Verhaegh,0,0,2,1,24.118313133039695,0,0,0,1,0,1,0,0.0,0,0,0,,0.5,0.0,0.0,0.0,0.5,0.0,1.0,,,,,inf,
Pavel Kadeřábek,0,0,5,2,13.338813636140298,4,1,1,1,2,2,0,0.0,0,0,0,,0.4,0.0,0.0,0.0,0.4,0.0,1.0,,,,,inf,
Paweł Olkowski,0,0,2,1,21.53883770642773,1,0,0,1,0,1,0,0.0,0,0,0,,0.5,0.0,0.0,0.0,0.5,0.0,1.0,,,,,inf,
Per Ciljan Skjelbred,0,0,1,0,21.620592036297246,1,0,0,1,0,0,0,0.0,0,0,0,,0.0,0.0,,0.0,0.0,0.0,1.0,,,,,inf,
Peter Niemeyer,0,0,9,4,19.690920653236706,3,0,0,5,2,2,0,0.0,0,0,0,,0.444,0.0,0.0,0.0,0.444,0.0,1.0,,,,,inf,
Philipp Bargfrede,0,0,3,1,18.526150738412607,1,0,0,2,0,1,0,0.0,0,0,0,,0.333,0.0,0.0,0.0,0.333,0.0,1.0,,,,,inf,
Philipp Hosiner,0,0,3,2,9.1454938439232,3,0,0,0,1,2,0,0.0,0,0,0,,0.667,0.0,0.0,0.0,0.667,0.0,1.0,,,,,inf,
Philipp Lahm,1,0,3,3,10.286488017591081,3,0,0,0,2,1,0,18.333030300525877,0,1,0,0.0,1.0,0.333,0.333,0.333,1.0,0.0,1.0,0.0,1.0,1.0,,3.0,0.0
Philipp Max,0,0,1,1,14.280056022299076,1,0,0,0,1,0,0,0.0,0,0,0,,1.0,0.0,0.0,0.0,1.0,0.0,1.0,,,,,inf,
Philipp Ochs,0,0,1,1,21.639316070523122,0,0,0,1,0,0,0,0.0,0,0,0,,1.0,0.0,0.0,0.0,1.0,0.0,1.0,,,,,inf,
Pierre-Emerick Aubameyang,5,0,38,25,10.97591704266399,34,2,2,5,14,19,0,12.377945266339179,0,5,0,0.0,0.658,0.132,0.2,0.132,0.658,0.0,1.0,0.4,0.6,0.2,1.0,7.6,0.0
Pierre-Emile Højbjerg,0,0,8,5,15.040041234246843,2,1,1,3,2,3,0,0.0,0,0,0,,0.625,0.0,0.0,0.0,0.625,0.0,1.0,,,,,inf,
Pierre-Michel Lasogga,2,0,15,7,12.024893519533064,11,2,2,2,4,9,0,6.678611731773859,0,2,2,1.0,0.467,0.133,0.286,0.133,0.467,0.0,1.0,0.0,0.0,0.0,,7.5,0.0
Pirmin Schwegler,0,0,4,3,7.1419906929965125,3,0,0,0,0,4,0,0.0,0,0,0,,0.75,0.0,0.0,0.0,0.75,0.0,1.0,,,,,inf,
Raffael Caetano de Araújo,0,0,10,6,14.528344875867836,8,0,0,3,2,5,0,0.0,0,0,0,,0.6,0.0,0.0,0.0,0.6,0.0,1.0,,,,,inf,
Ragnar Klavan,0,0,4,3,5.782442398162624,4,0,0,0,0,4,0,0.0,0,0,0,,0.75,0.0,0.0,0.0,0.75,0.0,1.0,,,,,inf,
Raúl Marcelo Bobadilla,2,0,16,13,12.369012070803587,10,0,0,2,7,7,0,12.489622673225814,0,2,1,0.5,0.812,0.125,0.154,0.125,0.812,0.0,1.0,0.0,0.5,0.5,,8.0,0.0
Ricardo Iván Rodríguez Araya,0,0,2,1,34.53937720302263,0,0,0,2,0,0,0,0.0,0,0,0,,0.5,0.0,0.0,0.0,0.5,0.0,1.0,,,,,inf,
Robert Bauer,1,0,1,1,22.70022026324855,0,0,0,1,0,0,0,22.70022026324855,1,0,0,0.0,1.0,1.0,1.0,1.0,1.0,0.0,1.0,1.0,0.0,0.0,,1.0,0.0
Robert Lewandowski,5,0,45,30,9.30563150441873,30,6,6,6,11,28,0,8.824790798178302,2,3,0,0.0,0.667,0.111,0.167,0.111,0.667,0.0,1.0,1.0,0.0,0.6,0.667,9.0,0.0
Roger de Oliveira Bernardo,0,0,1,0,3.492849839314601,1,0,0,0,0,1,0,0.0,0,0,0,,0.0,0.0,,0.0,0.0,0.0,1.0,,,,,inf,
Romain Brégerie,0,0,7,1,12.465157496343114,7,0,0,1,2,4,0,0.0,0,0,0,,0.143,0.0,0.0,0.0,0.143,0.0,1.0,,,,,inf,
Roman Neustädter,0,0,10,4,8.138904945481931,8,2,2,0,4,6,0,0.0,0,0,0,,0.4,0.0,0.0,0.0,0.4,0.0,1.0,,,,,inf,
Ronaldo Aparecido Rodrigues,0,0,20,7,15.399040727457097,16,0,0,6,6,8,0,0.0,0,0,0,,0.35,0.0,0.0,0.0,0.35,0.0,1.0,,,,,inf,
Roy Beerens,0,0,1,1,24.764490707462574,0,0,0,1,0,0,0,0.0,0,0,0,,1.0,0.0,0.0,0.0,1.0,0.0,1.0,,,,,inf,
Salif Sané,2,0,17,11,7.371782099768141,12,1,1,1,3,13,0,7.695006183297283,0,2,2,1.0,0.647,0.118,0.182,0.118,0.647,0.0,1.0,0.0,0.0,0.0,,8.5,0.0
Salomon Armand Magloire Kalou,4,0,16,9,12.168815518713664,11,2,2,2,8,6,0,14.08648367277095,0,4,0,0.0,0.562,0.25,0.444,0.25,0.562,0.0,1.0,0.5,0.5,0.0,0.5,4.0,0.0
Sambou Yatabaré,0,0,2,0,5.597095018952611,1,1,1,0,0,2,0,0.0,0,0,0,,0.0,0.0,,0.0,0.0,0.0,1.0,,,,,inf,
Sandro Wagner,4,0,40,18,14.82346170585752,21,10,10,13,9,18,1,6.0814586560117485,0,2,3,0.75,0.45,0.1,0.222,0.1,0.45,0.0,1.0,0.0,0.25,0.0,1.0,10.0,0.0
Santiago García,0,0,10,7,6.85082694422673,7,2,2,0,3,7,0,0.0,0,0,0,,0.7,0.0,0.0,0.0,0.7,0.0,1.0,,,,,inf,
Sead Kolašinac,0,0,4,0,14.452630768607687,4,0,0,1,2,1,0,0.0,0,0,0,,0.0,0.0,,0.0,0.0,0.0,1.0,,,,,inf,
Sebastian Langkamp,0,0,1,1,1.1704699910719567,1,0,0,0,0,1,0,0.0,0,0,0,,1.0,0.0,0.0,0.0,1.0,0.0,1.0,,,,,inf,
Sebastian Rudy,2,0,5,3,19.740933314210356,2,0,0,2,2,1,0,14.041434575901032,1,1,0,0.0,0.6,0.4,0.667,0.4,0.6,0.0,1.0,1.0,0.0,0.5,1.0,2.5,0.0
Sereso Geoffroy Gonzaroua Dié,0,0,2,0,25.686982162570214,1,0,0,2,0,0,0,0.0,0,0,0,,0.0,0.0,,0.0,0.0,0.0,1.0,,,,,inf,
Shinji Kagawa,2,0,4,4,4.5858165121176375,4,0,0,0,0,4,0,8.198432424270782,0,2,1,0.5,1.0,0.5,0.5,0.5,1.0,0.0,1.0,0.0,0.5,0.5,1.0,2.0,0.0
Sidney Sam,0,0,2,1,13.61658585052349,1,0,0,0,2,0,0,0.0,0,0,0,,0.5,0.0,0.0,0.0,0.5,0.0,1.0,,,,,inf,
Simon Zoller,2,0,5,5,9.704681767984871,4,1,1,0,2,3,0,13.764099080055836,0,2,1,0.5,1.0,0.4,0.4,0.4,1.0,0.0,1.0,0.0,0.5,0.0,1.0,2.5,0.0
Slobodan Rajković,1,0,4,2,8.52319445379591,2,2,2,0,1,3,0,5.9304300012731,1,0,0,0.0,0.5,0.25,0.5,0.25,0.5,0.0,1.0,0.0,1.0,1.0,1.0,4.0,0.0
Sokratis Papastathopoulos,0,0,5,3,4.9648413097379125,5,0,0,0,1,4,0,0.0,0,0,0,,0.6,0.0,0.0,0.0,0.6,0.0,1.0,,,,,inf,
Sonny Kittel,0,0,1,0,39.785047442475175,0,0,0,1,0,0,0,0.0,0,0,0,,0.0,0.0,,0.0,0.0,0.0,1.0,,,,,inf,
Stefan Aigner,1,0,17,8,11.21260072443697,13,2,2,2,5,10,0,9.902019995940224,0,1,1,1.0,0.471,0.059,0.125,0.059,0.471,0.0,1.0,0.0,0.0,0.0,0.0,17.0,0.0
Stefan Bell,1,0,14,11,7.652208775042462,12,2,2,0,7,7,0,10.264989040422796,0,1,1,1.0,0.786,0.071,0.091,0.071,0.786,0.0,1.0,0.0,0.0,0.0,,14.0,0.0
Stefan Kießling,3,0,16,11,9.408247062366524,11,5,5,0,6,10,0,8.14225315721343,0,3,3,1.0,0.688,0.188,0.273,0.188,0.688,0.0,1.0,0.0,0.0,0.0,,5.333,0.0
Stefan Lex,1,0,6,5,10.580950909946303,5,0,0,0,3,3,0,12.570600622086435,1,0,0,0.0,0.833,0.167,0.2,0.167,0.833,0.0,1.0,1.0,0.0,0.0,,6.0,0.0
Stefan Reinartz,0,0,2,0,13.821380334113211,2,0,0,0,2,0,0,0.0,0,0,0,,0.0,0.0,,0.0,0.0,0.0,1.0,,,,,inf,
Steven Zuber,0,0,5,3,12.93471268391637,4,0,0,2,1,2,0,0.0,0,0,0,,0.6,0.0,0.0,0.0,0.6,0.0,1.0,,,,,inf,
Sven Schipplock,0,0,2,2,6.926099624254264,1,1,1,0,1,1,0,0.0,0,0,0,,1.0,0.0,0.0,0.0,1.0,0.0,1.0,,,,,inf,
Szabolcs Huszti,1,0,5,5,9.49955345547128,3,0,0,1,2,2,1,10.70186899564744,0,0,0,0.0,1.0,0.2,0.2,0.2,1.0,0.0,1.0,0.0,1.0,1.0,,5.0,0.0
Tarik Elyounoussi,0,0,1,0,21.779348015953094,0,0,0,1,0,0,0,0.0,0,0,0,,0.0,0.0,,0.0,0.0,0.0,1.0,,,,,inf,
Theodor Gebre Selassie,0,0,9,2,12.732426374347675,7,2,2,3,3,3,0,0.0,0,0,0,,0.222,0.0,0.0,0.0,0.222,0.0,1.0,,,,,inf,
Thiago Alcântara do Nascimento,2,0,11,7,8.504522007750221,6,3,3,0,3,8,2,7.611429880149577,0,0,0,0.0,0.636,0.182,0.286,0.182,0.636,0.0,1.0,1.0,0.0,1.0,1.0,5.5,0.0
Thomas Müller,7,0,30,22,11.400146885744427,22,3,3,4,9,17,4,9.45532454268841,2,1,1,0.143,0.733,0.233,0.318,0.233,0.733,0.0,1.0,0.571,0.286,0.429,0.5,4.286,0.0
Thorgan Hazard,0,0,8,7,7.699261660584426,4,1,1,1,1,6,0,0.0,0,0,0,,0.875,0.0,0.0,0.0,0.875,0.0,1.0,,,,,inf,
Tim Matavž,0,0,4,2,7.071387187745041,4,0,0,0,2,2,0,0.0,0,0,0,,0.5,0.0,0.0,0.0,0.5,0.0,1.0,,,,0.0,inf,
Timm Klose,0,0,3,1,8.35316198535961,3,0,0,0,2,1,0,0.0,0,0,0,,0.333,0.0,0.0,0.0,0.333,0.0,1.0,,,,,inf,
Timo Werner,0,0,20,13,7.699904884198785,14,3,3,0,7,13,0,0.0,0,0,0,,0.65,0.0,0.0,0.0,0.65,0.0,1.0,,,,0.0,inf,
Tobias Kempe,0,0,11,6,11.131155605994179,8,0,0,3,1,7,0,0.0,0,0,0,,0.545,0.0,0.0,0.0,0.545,0.0,1.0,,,,,inf,
Tobias Strobl,0,0,4,1,11.542473613464303,2,0,0,1,1,2,0,0.0,0,0,0,,0.25,0.0,0.0,0.0,0.25,0.0,1.0,,,,,inf,
Tobias Werner,0,0,8,4,11.336045863621997,6,1,1,0,5,3,0,0.0,0,0,0,,0.5,0.0,0.0,0.0,0.5,0.0,1.0,,,,0.0,inf,
Tolga Ciğerci,0,0,6,6,13.765878616944113,0,0,0,2,2,2,0,0.0,0,0,0,,1.0,0.0,0.0,0.0,1.0,0.0,1.0,,,,,inf,
Tomáš Pekhart,0,0,3,1,10.19217921044219,3,0,0,0,2,1,0,0.0,0,0,0,,0.333,0.0,0.0,0.0,0.333,0.0,1.0,,,,,inf,
Toni Šunjić,0,0,3,0,8.996258943775665,1,2,2,0,1,2,0,0.0,0,0,0,,0.0,0.0,,0.0,0.0,0.0,1.0,,,,,inf,
Uffe Manich Bech,1,0,4,3,11.776616647261307,3,0,0,1,2,1,0,20.64097865896867,0,1,0,0.0,0.75,0.25,0.333,0.25,0.75,0.0,1.0,1.0,0.0,0.0,,4.0,0.0
Uilson de Souza Paula Júnior,0,0,2,1,24.79018540479179,2,0,0,2,0,0,0,0.0,0,0,0,,0.5,0.0,0.0,0.0,0.5,0.0,1.0,,,,,inf,
Ulisses Alexandre Garcia Lopes,0,0,4,1,23.773773486692964,1,0,0,3,0,1,0,0.0,0,0,0,,0.25,0.0,0.0,0.0,0.25,0.0,1.0,,,,,inf,
Valentin Stocker,1,0,5,4,10.952853917050607,3,0,0,0,3,2,0,14.862705002791378,0,1,0,0.0,0.8,0.2,0.25,0.2,0.8,0.0,1.0,0.0,1.0,0.0,,5.0,0.0
Vedad Ibišević,1,0,25,13,9.226193694339699,18,5,5,1,13,11,0,9.424436322666736,0,1,1,1.0,0.52,0.04,0.077,0.04,0.52,0.0,1.0,0.0,0.0,0.0,0.0,25.0,0.0
Vladimír Darida,1,0,12,10,13.50730031465791,7,0,0,3,6,3,0,13.251792331605563,0,1,0,0.0,0.833,0.083,0.1,0.083,0.833,0.0,1.0,1.0,0.0,1.0,,12.0,0.0
Václav Kadlec,0,0,1,0,9.712878049270465,1,0,0,0,0,1,0,0.0,0,0,0,,0.0,0.0,,0.0,0.0,0.0,1.0,,,,,inf,
Waldemar Anton,0,0,2,0,33.30703682336153,0,0,0,2,0,0,0,0.0,0,0,0,,0.0,0.0,,0.0,0.0,0.0,1.0,,,,,inf,
Wendell Nascimento Borges,0,0,2,1,20.71207843071019,1,0,0,1,1,0,0,0.0,0,0,0,,0.5,0.0,0.0,0.0,0.5,0.0,1.0,,,,,inf,
Xabier Alonso Olano,0,0,3,1,22.51780663004097,0,0,0,2,1,0,0,0.0,0,0,0,,0.333,0.0,0.0,0.0,0.333,0.0,1.0,,,,,inf,
Yannick Gerhardt,0,0,8,1,16.687324879433522,4,1,1,4,1,3,0,0.0,0,0,0,,0.125,0.0,0.0,0.0,0.125,0.0,1.0,,,,,inf,
Yoshinori Muto,2,0,10,8,11.63763233566965,5,2,2,3,2,5,0,10.459863386488639,0,2,0,0.0,0.8,0.2,0.25,0.2,0.8,0.0,1.0,0.5,0.5,0.5,,5.0,0.0
Younès Belhanda,1,0,4,3,18.422067245849735,2,0,0,1,2,1,0,17.380736463107656,0,1,1,1.0,0.75,0.25,0.333,0.25,0.75,0.0,1.0,0.0,0.0,0.0,,4.0,0.0
Yunus Mallı,2,0,18,14,10.631134594843786,13,1,1,6,1,11,0,22.112080644889986,1,1,0,0.0,0.778,0.111,0.143,0.111,0.778,0.0,1.0,0.5,0.5,0.0,0.0,9.0,0.0
Yūya Ōsako,0,0,11,4,10.311922949960373,7,2,2,2,3,6,0,0.0,0,0,0,,0.364,0.0,0.0,0.0,0.364,0.0,1.0,,,,0.0,inf,
Zlatko Junuzović,1,0,16,12,14.51300856581421,7,0,0,6,4,6,0,12.870120434556936,0,1,0,0.0,0.75,0.062,0.083,0.062,0.75,0.0,1.0,1.0,0.0,1.0,,16.0,0.0
Ádám Szalai,0,0,10,3,13.92403110241943,8,0,0,3,2,5,0,0.0,0,0,0,,0.3,0.0,0.0,0.0,0.3,0.0,1.0,,,,,inf,
Änis Ben-Hatira,0,0,5,3,8.997863196818484,5,0,0,0,3,2,0,0.0,0,0,0,,0.6,0.0,0.0,0.0,0.6,0.0,1.0,,,,0.0,inf,
Ömer Toprak,0,0,5,2,11.262521765232563,4,1,1,0,4,1,0,0.0,0,0,0,,0.4,0.0,0.0,0.0,0.4,0.0,1.0,,,,,inf,
İlkay Gündoğan,0,0,9,6,17.166640092631994,1,0,0,4,1,4,0,0.0,0,0,0,,0.667,0.0,0.0,0.0,0.667,0.0,1.0,,,,0.0,inf,
Łukasz Piszczek,0,0,4,1,13.054048187489357,3,1,1,0,3,1,0,0.0,0,0,0,,0.25,0.0,0.0,0.0,0.25,0.0,1.0,,,,,inf,
