Season,League,Team,Player,Nation,Pos,Age,90s,Goals_GA,Goals_PKA,Goals_FK,Goals_CK,Goals_OG,Expected_PSxG,Expected_PSxG/SoT,Expected_PSxG+/-,Expected_/90,Launched_Cmp,Launched_Att,Launched_Cmp%,Passes_Att,Passes_Thr,Passes_Launch%,Passes_AvgLen,Goal Kicks_Att,Goal Kicks_Launch%,Goal Kicks_AvgLen,Crosses_Opp,Crosses_Stp,Crosses_Stp%,Sweeper_#OPA,Sweeper_#OPA/90,Sweeper_AvgDist
2022-2023,EPL,Manchester City,Ederson,BRA,GK,28.0,35.0,32.0,3.0,1.0,4.0,1.0,26.2,0.3,-4.8,-0.14,117.0,263.0,44.5,1104.0,147.0,19.6,28.0,152.0,30.9,32.3,286.0,19.0,6.6,33.0,0.94,15.7
2022-2023,EPL,Manchester City,Stefan Ortega,GER,GK,29.0,3.0,1.0,0.0,0.0,0.0,0.0,4.1,0.27,3.1,1.02,11.0,24.0,45.8,155.0,16.0,14.8,23.9,12.0,8.3,20.3,26.0,1.0,3.8,7.0,2.33,21.1
2022-2023,EPL,Arsenal,Aaron Ramsdale,ENG,GK,24.0,38.0,43.0,3.0,0.0,6.0,1.0,40.0,0.28,-2.0,-0.05,109.0,429.0,25.4,956.0,174.0,35.4,33.3,153.0,59.5,49.2,381.0,22.0,5.8,43.0,1.13,16.1
2022-2023,EPL,Manchester Utd,David de Gea,ESP,GK,31.0,38.0,43.0,2.0,2.0,6.0,1.0,41.3,0.27,-0.7,-0.02,141.0,449.0,31.4,1032.0,128.0,32.6,32.3,179.0,63.1,47.1,526.0,15.0,2.9,32.0,0.84,14.8
2022-2023,EPL,Newcastle Utd,Nick Pope,ENG,GK,30.0,36.2,32.0,2.0,0.0,8.0,1.0,31.3,0.24,0.3,0.01,120.0,368.0,32.6,683.0,232.0,33.1,33.0,207.0,68.6,50.7,411.0,34.0,8.3,74.0,2.04,18.2
2022-2023,EPL,Newcastle Utd,Martin Dúbravka,SVK,GK,33.0,1.7,1.0,0.0,0.0,0.0,1.0,1.9,0.21,1.9,1.07,6.0,10.0,60.0,39.0,14.0,10.3,20.7,15.0,40.0,35.3,30.0,1.0,3.3,0.0,0.0,12.4
2022-2023,EPL,Liverpool,Alisson,BRA,GK,29.0,37.0,43.0,2.0,0.0,0.0,2.0,51.1,0.33,10.1,0.27,116.0,283.0,41.0,1256.0,210.0,18.4,26.9,193.0,26.9,31.3,397.0,23.0,5.8,89.0,2.41,19.8
2022-2023,EPL,Liverpool,Caoimhín Kelleher,IRL,GK,23.0,1.0,4.0,0.0,0.0,0.0,0.0,2.9,0.34,-1.1,-1.06,2.0,2.0,100.0,22.0,7.0,9.1,24.3,2.0,0.0,20.5,3.0,0.0,0.0,0.0,0.0,9.0
2022-2023,EPL,Brighton,Robert Sánchez,ESP,GK,24.0,23.0,30.0,5.0,0.0,4.0,3.0,24.2,0.25,-2.8,-0.12,60.0,205.0,29.3,645.0,103.0,24.2,28.9,131.0,37.4,35.1,229.0,17.0,7.4,13.0,0.57,12.3
2022-2023,EPL,Brighton,Jason Steele,ENG,GK,31.0,15.0,23.0,1.0,0.0,2.0,3.0,18.5,0.29,-1.5,-0.1,34.0,74.0,45.9,483.0,48.0,14.9,24.2,55.0,3.6,13.9,126.0,10.0,7.9,19.0,1.27,15.7
2022-2023,EPL,Aston Villa,Emiliano Martínez,ARG,GK,29.0,34.9,38.0,4.0,1.0,6.0,4.0,36.6,0.24,2.6,0.07,199.0,523.0,38.0,1171.0,135.0,35.5,33.0,212.0,50.5,40.7,483.0,60.0,12.4,73.0,2.09,16.6
2022-2023,EPL,Aston Villa,Robin Olsen,SWE,GK,32.0,3.1,8.0,1.0,0.0,3.0,0.0,6.2,0.29,-1.8,-0.57,15.0,62.0,24.2,101.0,18.0,44.6,37.6,28.0,60.7,46.8,45.0,5.0,11.1,3.0,0.96,14.2
2022-2023,EPL,Tottenham,Hugo Lloris,FRA,GK,35.0,24.5,39.0,1.0,0.0,3.0,1.0,33.9,0.29,-4.1,-0.17,77.0,218.0,35.3,539.0,109.0,31.7,31.4,186.0,25.3,25.8,322.0,20.0,6.2,29.0,1.18,13.8
2022-2023,EPL,Tottenham,Fraser Forster,ENG,GK,34.0,13.5,24.0,2.0,1.0,4.0,0.0,21.3,0.34,-2.7,-0.2,36.0,124.0,29.0,269.0,71.0,29.0,30.2,93.0,49.5,37.6,193.0,5.0,2.6,16.0,1.19,15.2
2022-2023,EPL,Brentford,David Raya,ESP,GK,26.0,38.0,46.0,2.0,0.0,9.0,3.0,48.0,0.24,5.0,0.13,347.0,882.0,39.3,1367.0,160.0,50.7,39.5,269.0,70.3,51.8,598.0,52.0,8.7,54.0,1.42,15.8
2022-2023,EPL,Fulham,Bernd Leno,GER,GK,30.0,36.0,51.0,7.0,1.0,8.0,2.0,58.0,0.27,9.0,0.25,124.0,391.0,31.7,1153.0,190.0,26.0,30.0,242.0,37.6,36.0,464.0,35.0,7.5,46.0,1.28,15.0
2022-2023,EPL,Fulham,Marek Rodák,SVK,GK,25.0,2.0,2.0,0.0,0.0,0.0,0.0,2.0,0.51,0.0,0.01,16.0,47.0,34.0,46.0,3.0,73.9,46.0,15.0,86.7,60.0,26.0,1.0,3.8,2.0,1.0,14.0
2022-2023,EPL,Crystal Palace,Vicente Guaita,ESP,GK,35.0,27.0,34.0,2.0,0.0,4.0,2.0,32.4,0.26,0.4,0.01,115.0,320.0,35.9,635.0,140.0,34.5,32.3,206.0,49.0,37.4,410.0,26.0,6.3,26.0,0.96,13.1
2022-2023,EPL,Crystal Palace,Sam Johnstone,ENG,GK,29.0,9.0,10.0,2.0,0.0,4.0,1.0,10.0,0.24,1.0,0.11,30.0,99.0,30.3,233.0,41.0,31.8,31.8,46.0,54.3,42.8,104.0,2.0,1.9,11.0,1.22,15.4
2022-2023,EPL,Crystal Palace,Joseph Whitworth,ENG,GK,18.0,2.0,5.0,0.0,0.0,0.0,0.0,2.3,0.23,-2.7,-1.33,8.0,27.0,29.6,68.0,8.0,29.4,30.1,15.0,46.7,36.7,25.0,1.0,4.0,3.0,1.5,15.4
2022-2023,EPL,Chelsea,Kepa Arrizabalaga,ESP,GK,27.0,28.5,33.0,1.0,1.0,4.0,3.0,35.0,0.29,5.0,0.18,68.0,213.0,31.9,864.0,151.0,17.1,26.3,182.0,35.7,31.5,332.0,15.0,4.5,52.0,1.82,16.9
2022-2023,EPL,Chelsea,Edouard Mendy,SEN,GK,30.0,9.5,14.0,0.0,0.0,4.0,0.0,11.9,0.33,-2.1,-0.22,27.0,77.0,35.1,226.0,47.0,22.1,27.6,63.0,42.9,34.4,128.0,9.0,7.0,11.0,1.16,13.7
2022-2023,EPL,Wolves,José Sá,POR,GK,29.0,36.0,55.0,2.0,0.0,6.0,1.0,48.4,0.28,-5.6,-0.16,120.0,435.0,27.6,935.0,182.0,29.3,30.9,260.0,61.9,46.2,540.0,43.0,8.0,28.0,0.78,12.6
2022-2023,EPL,Wolves,Daniel Bentley,ENG,GK,29.0,2.0,3.0,0.0,0.0,0.0,0.0,3.9,0.3,0.9,0.44,10.0,29.0,34.5,57.0,14.0,38.6,32.9,23.0,30.4,32.2,37.0,5.0,13.5,1.0,0.5,8.3
2022-2023,EPL,West Ham,Łukasz Fabiański,POL,GK,37.0,34.6,48.0,2.0,0.0,3.0,1.0,45.9,0.28,-1.1,-0.03,198.0,516.0,38.4,677.0,153.0,54.2,39.3,249.0,59.8,44.8,513.0,29.0,5.7,25.0,0.72,13.0
2022-2023,EPL,West Ham,Alphonse Areola,FRA,GK,29.0,3.4,7.0,2.0,0.0,1.0,0.0,7.3,0.33,0.3,0.09,14.0,37.0,37.8,61.0,14.0,39.3,33.4,30.0,43.3,33.0,47.0,2.0,4.3,1.0,0.29,10.3
2022-2023,EPL,Bournemouth,Neto,BRA,GK,33.0,26.5,39.0,4.0,0.0,8.0,1.0,39.7,0.26,1.7,0.06,160.0,437.0,36.6,601.0,136.0,47.4,37.8,231.0,65.8,44.6,510.0,35.0,6.9,25.0,0.94,12.1
2022-2023,EPL,Bournemouth,Mark Travers,IRL,GK,23.0,11.5,32.0,2.0,0.0,8.0,2.0,24.0,0.34,-6.0,-0.52,71.0,154.0,46.1,250.0,54.0,35.6,31.9,118.0,55.1,43.8,229.0,5.0,2.2,5.0,0.43,10.5
2022-2023,EPL,Nott'ham Forest,Dean Henderson,ENG,GK,25.0,18.0,31.0,2.0,1.0,5.0,0.0,26.9,0.28,-4.1,-0.23,108.0,334.0,32.3,513.0,107.0,47.2,38.5,156.0,59.0,45.3,291.0,20.0,6.9,27.0,1.5,15.6
2022-2023,EPL,Nott'ham Forest,Keylor Navas,CRC,GK,35.0,17.0,32.0,4.0,1.0,3.0,0.0,29.3,0.32,-2.7,-0.16,106.0,320.0,33.1,378.0,65.0,56.3,41.3,151.0,70.9,48.1,295.0,14.0,4.7,9.0,0.53,9.2
2022-2023,EPL,Nott'ham Forest,Wayne Hennessey,WAL,GK,35.0,3.0,5.0,0.0,0.0,1.0,0.0,3.9,0.28,-1.1,-0.36,23.0,58.0,39.7,72.0,13.0,54.2,43.2,25.0,76.0,54.5,35.0,1.0,2.9,2.0,0.66,17.0
2022-2023,EPL,Everton,Jordan Pickford,ENG,GK,28.0,37.0,57.0,5.0,2.0,4.0,0.0,60.0,0.31,3.0,0.08,270.0,801.0,33.7,992.0,151.0,58.1,43.0,315.0,71.4,52.7,566.0,22.0,3.9,52.0,1.41,16.2
2022-2023,EPL,Everton,Asmir Begović,BIH,GK,35.0,1.0,0.0,0.0,0.0,0.0,0.0,0.5,0.12,0.5,0.49,4.0,13.0,30.8,22.0,5.0,36.4,34.9,8.0,62.5,46.8,23.0,1.0,4.3,0.0,0.0,5.0
2022-2023,EPL,Leicester City,Danny Ward,WAL,GK,29.0,26.0,46.0,2.0,2.0,6.0,4.0,36.5,0.29,-5.5,-0.21,94.0,303.0,31.0,750.0,154.0,29.7,30.4,190.0,42.1,35.1,355.0,20.0,5.6,42.0,1.62,15.9
2022-2023,EPL,Leicester City,Daniel Iversen,DEN,GK,25.0,12.0,22.0,2.0,2.0,2.0,1.0,18.9,0.29,-2.1,-0.18,38.0,194.0,19.6,261.0,49.0,47.1,37.2,114.0,62.3,46.2,203.0,16.0,7.9,6.0,0.5,10.3
2022-2023,EPL,Leeds United,Illan Meslier,FRA,GK,22.0,34.0,67.0,3.0,1.0,7.0,1.0,53.6,0.32,-12.4,-0.36,106.0,449.0,23.6,794.0,194.0,39.4,33.7,242.0,56.2,43.5,432.0,34.0,7.9,66.0,1.94,15.8
2022-2023,EPL,Leeds United,Joel Robles,ESP,GK,32.0,4.0,11.0,2.0,0.0,0.0,0.0,10.5,0.32,-0.5,-0.12,18.0,71.0,25.4,90.0,20.0,52.2,41.1,32.0,75.0,49.4,43.0,2.0,4.7,3.0,0.75,11.6
2022-2023,EPL,Southampton,Gavin Bazunu,IRL,GK,20.0,32.0,56.0,1.0,1.0,7.0,4.0,35.4,0.28,-16.6,-0.52,212.0,629.0,33.7,935.0,144.0,50.2,38.1,237.0,67.5,50.0,456.0,36.0,7.9,48.0,1.5,15.1
2022-2023,EPL,Southampton,Alex McCarthy,ENG,GK,32.0,6.0,17.0,1.0,0.0,1.0,1.0,10.9,0.34,-5.1,-0.84,22.0,113.0,19.5,194.0,29.0,48.5,36.5,52.0,36.5,31.0,92.0,6.0,6.5,7.0,1.17,13.5
2022-2023,Bundesliga,Bayern Munich,Yann Sommer,SUI,GK,33.0,19.0,25.0,7.0,1.0,1.0,0.0,23.7,0.32,-1.3,-0.07,48.0,118.0,40.7,651.0,83.0,14.6,25.1,98.0,23.5,28.7,212.0,12.0,5.7,27.0,1.42,16.7
2022-2023,Bundesliga,Bayern Munich,Manuel Neuer,GER,GK,36.0,12.0,11.0,2.0,0.0,0.0,0.0,14.7,0.29,3.7,0.31,39.0,79.0,49.4,435.0,81.0,16.6,26.8,69.0,10.1,23.8,103.0,4.0,3.9,23.0,1.92,19.5
2022-2023,Bundesliga,Bayern Munich,Sven Ulreich,GER,GK,33.0,3.0,2.0,0.0,0.0,1.0,0.0,2.4,0.18,0.4,0.13,9.0,26.0,34.6,112.0,21.0,20.5,26.0,18.0,16.7,23.4,34.0,2.0,5.9,4.0,1.33,17.5
2022-2023,Bundesliga,Dortmund,Gregor Kobel,SUI,GK,24.0,27.0,32.0,1.0,0.0,5.0,1.0,33.8,0.29,2.8,0.1,100.0,252.0,39.7,855.0,122.0,20.9,28.9,192.0,38.0,36.5,295.0,15.0,5.1,37.0,1.37,17.1
2022-2023,Bundesliga,Dortmund,Alexander Meyer,GER,GK,31.0,7.0,12.0,0.0,0.0,2.0,0.0,7.9,0.25,-4.1,-0.58,24.0,60.0,40.0,278.0,35.0,16.2,27.3,44.0,34.1,35.0,91.0,8.0,8.8,18.0,2.57,19.8
2022-2023,Bundesliga,RB Leipzig,Janis Blaswich,GER,GK,31.0,26.0,29.0,6.0,0.0,2.0,0.0,26.9,0.27,-2.1,-0.08,59.0,189.0,31.2,985.0,126.0,14.9,25.3,156.0,26.9,30.0,288.0,20.0,6.9,39.0,1.5,17.0
2022-2023,Bundesliga,RB Leipzig,Péter Gulácsi,HUN,GK,32.0,6.0,10.0,1.0,0.0,2.0,1.0,10.1,0.37,1.1,0.19,11.0,37.0,29.7,179.0,37.0,15.6,26.4,36.0,25.0,29.6,61.0,3.0,4.9,10.0,1.67,19.4
2022-2023,Bundesliga,RB Leipzig,Ørjan Nyland,NOR,GK,31.0,2.0,2.0,0.0,0.0,1.0,1.0,1.8,0.36,0.8,0.39,11.0,33.0,33.3,83.0,9.0,32.5,33.6,15.0,40.0,36.7,28.0,0.0,0.0,0.0,0.0,12.5
2022-2023,Bundesliga,Union Berlin,Frederik Rønnow,DEN,GK,29.0,29.0,27.0,5.0,0.0,5.0,0.0,35.2,0.26,8.2,0.28,240.0,605.0,39.7,1115.0,109.0,44.6,36.5,163.0,66.3,49.4,434.0,43.0,9.9,29.0,1.0,13.5
2022-2023,Bundesliga,Union Berlin,Lennart Grill,GER,GK,23.0,5.0,11.0,2.0,0.0,1.0,0.0,9.0,0.28,-2.0,-0.41,48.0,108.0,44.4,197.0,28.0,48.2,37.1,17.0,76.5,55.2,47.0,8.0,17.0,7.0,1.4,15.1
2022-2023,Bundesliga,Freiburg,Mark Flekken,NED,GK,29.0,34.0,44.0,5.0,0.0,4.0,0.0,46.4,0.28,2.4,0.07,271.0,665.0,40.8,1231.0,121.0,40.2,37.6,231.0,73.6,58.0,434.0,32.0,7.4,43.0,1.26,15.0
2022-2023,Bundesliga,Leverkusen,Lukáš Hrádecký,FIN,GK,32.0,33.0,47.0,7.0,1.0,5.0,2.0,41.3,0.25,-3.7,-0.11,117.0,373.0,31.4,899.0,148.0,31.3,32.0,202.0,45.5,38.7,404.0,27.0,6.7,26.0,0.79,14.1
2022-2023,Bundesliga,Leverkusen,Andrey Lunyov,RUS,GK,30.0,1.0,2.0,0.0,0.0,0.0,0.0,1.4,0.35,-0.6,-0.61,4.0,10.0,40.0,41.0,7.0,24.4,30.3,3.0,0.0,15.3,6.0,1.0,16.7,1.0,1.0,13.0
2022-2023,Bundesliga,Eint Frankfurt,Kevin Trapp,GER,GK,32.0,33.0,51.0,2.0,1.0,7.0,1.0,42.3,0.32,-7.7,-0.23,80.0,326.0,24.5,664.0,128.0,39.2,34.8,219.0,30.1,34.1,401.0,17.0,4.2,24.0,0.73,14.4
2022-2023,Bundesliga,Eint Frankfurt,Diant Ramaj,GER,GK,20.0,1.0,1.0,0.0,0.0,1.0,0.0,1.0,0.2,0.0,0.01,1.0,3.0,33.3,21.0,7.0,9.5,29.1,4.0,25.0,22.0,15.0,1.0,6.7,1.0,1.0,11.5
2022-2023,Bundesliga,Wolfsburg,Koen Casteels,BEL,GK,30.0,34.0,48.0,4.0,0.0,5.0,3.0,43.9,0.27,-1.1,-0.03,257.0,588.0,43.7,1326.0,183.0,33.3,33.7,258.0,57.0,47.5,489.0,29.0,5.9,51.0,1.5,16.5
2022-2023,Bundesliga,Mainz 05,Robin Zentner,GER,GK,27.0,26.0,39.0,3.0,1.0,2.0,0.0,35.4,0.3,-3.6,-0.14,160.0,474.0,33.8,672.0,146.0,50.0,40.0,194.0,71.1,54.1,321.0,43.0,13.4,53.0,2.04,17.4
2022-2023,Bundesliga,Mainz 05,Finn Dahmen,GER,GK,24.0,8.0,16.0,1.0,0.0,3.0,0.0,13.5,0.25,-2.5,-0.32,48.0,139.0,34.5,226.0,38.0,42.9,36.6,54.0,77.8,54.5,158.0,17.0,10.8,8.0,1.0,13.8
2022-2023,Bundesliga,M'Gladbach,Jonas Omlin,SUI,GK,28.0,14.3,18.0,2.0,0.0,0.0,0.0,18.1,0.29,0.1,0.0,57.0,177.0,32.2,638.0,74.0,22.3,28.7,100.0,35.0,35.3,220.0,15.0,6.8,20.0,1.4,14.8
2022-2023,Bundesliga,M'Gladbach,Yann Sommer,SUI,GK,33.0,10.0,14.0,2.0,1.0,0.0,1.0,16.7,0.25,3.7,0.37,48.0,141.0,34.0,517.0,52.0,23.0,28.2,90.0,24.4,28.6,162.0,5.0,3.1,13.0,1.3,14.6
2022-2023,Bundesliga,M'Gladbach,Tobias Sippel,GER,GK,34.0,5.7,12.0,1.0,0.0,3.0,0.0,11.6,0.33,-0.4,-0.08,25.0,106.0,23.6,212.0,23.0,33.5,32.7,48.0,72.9,53.1,88.0,2.0,2.3,4.0,0.71,13.1
2022-2023,Bundesliga,M'Gladbach,Jan Olschowsky,GER,GK,20.0,4.0,11.0,1.0,0.0,1.0,0.0,11.4,0.39,0.4,0.09,11.0,37.0,29.7,123.0,25.0,28.5,30.5,36.0,5.6,20.9,59.0,6.0,10.2,4.0,1.0,12.9
2022-2023,Bundesliga,Köln,Marvin Schwäbe,GER,GK,27.0,34.0,54.0,4.0,4.0,4.0,3.0,42.3,0.3,-8.7,-0.26,154.0,404.0,38.1,1203.0,117.0,28.8,31.3,185.0,31.4,33.9,468.0,19.0,4.1,22.0,0.65,13.4
2022-2023,Bundesliga,Hoffenheim,Oliver Baumann,GER,GK,32.0,34.0,57.0,2.0,1.0,11.0,1.0,50.4,0.31,-5.6,-0.16,206.0,525.0,39.2,1164.0,168.0,35.3,33.6,249.0,45.8,39.3,529.0,43.0,8.1,43.0,1.26,13.4
2022-2023,Bundesliga,Werder Bremen,Jiří Pavlenka,CZE,GK,30.0,32.3,61.0,2.0,0.0,5.0,2.0,51.9,0.29,-7.1,-0.22,198.0,497.0,39.8,893.0,152.0,40.1,36.3,279.0,49.8,42.9,481.0,22.0,4.6,38.0,1.18,14.9
2022-2023,Bundesliga,Werder Bremen,Michael Zetterer,GER,GK,27.0,1.7,3.0,0.0,0.0,1.0,0.0,3.2,0.24,0.2,0.11,16.0,33.0,48.5,49.0,13.0,51.0,41.6,12.0,66.7,50.3,15.0,3.0,20.0,4.0,2.37,16.5
2022-2023,Bundesliga,Bochum,Manuel Riemann,GER,GK,33.0,34.0,72.0,8.0,2.0,9.0,3.0,69.0,0.3,0.0,0.0,554.0,1175.0,47.1,1489.0,83.0,66.8,44.7,261.0,69.0,50.6,536.0,31.0,5.8,121.0,3.56,22.2
2022-2023,Bundesliga,Augsburg,Rafał Gikiewicz,POL,GK,34.0,23.0,41.0,1.0,1.0,4.0,0.0,41.3,0.28,0.3,0.01,185.0,452.0,40.9,916.0,127.0,33.3,33.0,234.0,62.8,48.9,363.0,21.0,5.8,45.0,1.96,16.7
2022-2023,Bundesliga,Augsburg,Tomáš Koubek,CZE,GK,29.0,11.0,22.0,0.0,1.0,0.0,2.0,22.0,0.36,2.0,0.19,77.0,225.0,34.2,414.0,48.0,37.9,36.5,96.0,70.8,52.5,176.0,10.0,5.7,22.0,2.0,16.8
2022-2023,Bundesliga,Stuttgart,Florian Müller,GER,GK,24.0,19.0,34.0,1.0,2.0,3.0,0.0,27.2,0.3,-6.8,-0.36,98.0,212.0,46.2,599.0,98.0,26.9,29.2,133.0,38.3,36.6,260.0,6.0,2.3,28.0,1.47,18.9
2022-2023,Bundesliga,Stuttgart,Fabian Bredlow,GER,GK,27.0,15.0,23.0,5.0,0.0,3.0,1.0,20.1,0.26,-1.9,-0.13,55.0,129.0,42.6,503.0,86.0,20.3,27.6,91.0,29.7,33.5,203.0,12.0,5.9,15.0,1.0,15.2
2022-2023,Bundesliga,Schalke 04,Alexander Schwolow,GER,GK,30.0,22.6,58.0,4.0,1.0,6.0,0.0,45.8,0.31,-12.2,-0.54,180.0,441.0,40.8,676.0,79.0,46.4,38.4,174.0,73.0,55.2,321.0,7.0,2.2,23.0,1.02,15.0
2022-2023,Bundesliga,Schalke 04,Ralf Fährmann,GER,GK,33.0,11.4,13.0,1.0,0.0,1.0,1.0,12.4,0.21,0.4,0.04,99.0,217.0,45.6,358.0,50.0,45.0,36.8,83.0,67.5,48.9,162.0,11.0,6.8,9.0,0.79,11.6
2022-2023,Bundesliga,Hertha BSC,Oliver Christensen,DEN,GK,23.0,33.0,68.0,5.0,4.0,8.0,0.0,57.9,0.33,-10.1,-0.31,204.0,586.0,34.8,977.0,166.0,42.5,35.9,235.0,72.8,54.3,486.0,33.0,6.8,70.0,2.12,18.8
2022-2023,Bundesliga,Hertha BSC,Tjark Ernst,GER,GK,19.0,1.0,1.0,0.0,0.0,0.0,0.0,2.5,0.36,1.5,1.52,5.0,13.0,38.5,22.0,6.0,27.3,31.2,13.0,53.8,43.1,18.0,0.0,0.0,0.0,0.0,3.5
2022-2023,LaLiga,Barcelona,Marc-André ter Stegen,GER,GK,30.0,37.2,18.0,3.0,0.0,2.0,3.0,23.7,0.21,8.7,0.23,168.0,335.0,50.1,1215.0,185.0,22.1,28.9,197.0,34.0,35.2,368.0,18.0,4.9,41.0,1.1,16.4
2022-2023,LaLiga,Barcelona,Iñaki Peña,ESP,GK,23.0,0.8,2.0,0.0,0.0,0.0,0.0,1.4,0.36,-0.6,-0.7,1.0,3.0,33.3,23.0,5.0,13.0,25.2,4.0,0.0,22.8,7.0,0.0,0.0,2.0,2.47,16.5
2022-2023,LaLiga,Real Madrid,Thibaut Courtois,BEL,GK,30.0,31.0,29.0,4.0,0.0,1.0,0.0,29.7,0.22,0.7,0.02,83.0,214.0,38.8,982.0,194.0,18.4,27.7,152.0,21.7,29.5,366.0,32.0,8.7,40.0,1.29,15.4
2022-2023,LaLiga,Real Madrid,Andriy Lunin,UKR,GK,23.0,7.0,7.0,0.0,0.0,1.0,1.0,4.5,0.25,-1.5,-0.21,14.0,27.0,51.9,190.0,36.0,7.9,23.3,37.0,32.4,35.6,54.0,1.0,1.9,11.0,1.57,21.7
2022-2023,LaLiga,Atlético Madrid,Jan Oblak,SVN,GK,29.0,27.7,20.0,1.0,1.0,1.0,0.0,21.9,0.27,1.9,0.07,120.0,374.0,32.1,586.0,115.0,40.4,36.1,228.0,60.1,46.0,358.0,25.0,7.0,19.0,0.69,14.2
2022-2023,LaLiga,Atlético Madrid,Ivo Grbić,CRO,GK,26.0,10.2,12.0,3.0,0.0,4.0,0.0,13.8,0.23,1.8,0.17,46.0,148.0,31.1,230.0,50.0,37.4,34.1,99.0,62.6,47.4,214.0,23.0,10.7,7.0,0.68,9.2
2022-2023,LaLiga,Atlético Madrid,Antonio Gomis,ESP,GK,19.0,0.1,1.0,0.0,0.0,0.0,0.0,0.6,0.64,-0.4,-5.35,0.0,3.0,0.0,2.0,0.0,100.0,58.5,1.0,100.0,94.0,3.0,0.0,0.0,0.0,0.0,1.0
2022-2023,LaLiga,Real Sociedad,Álex Remiro,ESP,GK,27.0,38.0,35.0,1.0,1.0,3.0,2.0,32.8,0.24,-0.2,0.0,244.0,572.0,42.7,1090.0,138.0,39.8,35.9,216.0,63.9,51.3,453.0,18.0,4.0,47.0,1.24,15.9
2022-2023,LaLiga,Villarreal,Pepe Reina,ESP,GK,39.0,22.0,27.0,4.0,0.0,3.0,1.0,28.9,0.29,2.9,0.13,64.0,207.0,30.9,736.0,112.0,22.1,28.8,118.0,37.3,35.7,315.0,15.0,4.8,20.0,0.91,14.6
2022-2023,LaLiga,Villarreal,Gerónimo Rulli,ARG,GK,30.0,14.0,10.0,0.0,0.0,1.0,0.0,12.5,0.23,2.5,0.18,50.0,119.0,42.0,451.0,70.0,19.3,28.8,92.0,34.8,37.9,215.0,20.0,9.3,21.0,1.5,15.5
2022-2023,LaLiga,Villarreal,Filip Jørgensen,DEN,GK,20.0,2.0,3.0,0.0,0.0,0.0,0.0,2.3,0.39,-0.7,-0.34,0.0,4.0,0.0,44.0,9.0,9.1,22.8,11.0,0.0,17.5,18.0,2.0,11.1,4.0,2.0,13.3
2022-2023,LaLiga,Betis,Rui Silva,POR,GK,28.0,26.0,32.0,2.0,1.0,6.0,1.0,32.9,0.3,1.9,0.07,154.0,410.0,37.6,668.0,107.0,40.7,35.6,214.0,64.5,47.5,369.0,18.0,4.9,37.0,1.42,16.6
2022-2023,LaLiga,Betis,Claudio Bravo,CHI,GK,39.0,12.0,9.0,1.0,0.0,1.0,0.0,11.0,0.24,2.0,0.17,75.0,225.0,33.3,288.0,42.0,51.7,39.6,101.0,75.2,52.5,213.0,4.0,1.9,6.0,0.5,12.1
2022-2023,LaLiga,Osasuna,Aitor Fernández,ESP,GK,31.0,21.0,19.0,0.0,0.0,0.0,1.0,17.7,0.24,-0.3,-0.01,191.0,438.0,43.6,615.0,87.0,50.9,41.1,174.0,71.8,54.2,319.0,14.0,4.4,37.0,1.76,16.3
2022-2023,LaLiga,Osasuna,Sergio Herrera,ESP,GK,29.0,17.0,23.0,1.0,1.0,3.0,1.0,21.4,0.28,-0.6,-0.04,151.0,351.0,43.0,475.0,58.0,56.0,42.7,135.0,63.0,48.3,215.0,16.0,7.4,20.0,1.18,18.5
2022-2023,LaLiga,Athletic Club,Unai Simón,ESP,GK,25.0,30.5,37.0,3.0,1.0,1.0,3.0,31.7,0.28,-2.3,-0.08,134.0,351.0,38.2,762.0,154.0,30.6,33.2,186.0,63.4,49.4,355.0,18.0,5.1,40.0,1.31,17.5
2022-2023,LaLiga,Athletic Club,Julen Agirrezabala,ESP,GK,21.0,7.5,6.0,0.0,0.0,0.0,0.0,5.5,0.3,-0.5,-0.06,37.0,101.0,36.6,179.0,33.0,29.6,30.5,62.0,77.4,55.4,96.0,11.0,11.5,10.0,1.33,15.4
2022-2023,LaLiga,Mallorca,Predrag Rajković,SRB,GK,26.0,36.0,40.0,6.0,0.0,3.0,0.0,39.2,0.25,-0.8,-0.02,323.0,786.0,41.1,899.0,125.0,61.8,45.4,309.0,74.4,54.0,608.0,32.0,5.3,19.0,0.53,11.7
2022-2023,LaLiga,Mallorca,Dominik Greif,SVK,GK,25.0,1.0,3.0,0.0,0.0,0.0,0.0,2.2,0.28,-0.8,-0.76,19.0,34.0,55.9,23.0,2.0,87.0,54.9,15.0,93.3,64.5,19.0,2.0,10.5,0.0,0.0,4.0
2022-2023,LaLiga,Mallorca,Leonardo Román,ESP,GK,22.0,1.0,0.0,0.0,0.0,0.0,0.0,0.1,0.03,0.1,0.11,9.0,21.0,42.9,30.0,3.0,40.0,35.2,12.0,75.0,48.8,30.0,1.0,3.3,2.0,2.0,17.4
2022-2023,LaLiga,Girona,Paulo Gazzaniga,ARG,GK,30.0,28.0,37.0,4.0,0.0,4.0,0.0,45.3,0.33,8.3,0.3,146.0,400.0,36.5,822.0,141.0,31.1,32.4,242.0,59.5,47.9,477.0,37.0,7.8,38.0,1.36,15.1
2022-2023,LaLiga,Girona,Juan Carlos,ESP,GK,34.0,10.0,18.0,2.0,2.0,1.0,0.0,16.7,0.35,-1.3,-0.13,23.0,64.0,35.9,278.0,51.0,17.6,28.7,62.0,24.2,30.3,120.0,6.0,5.0,21.0,2.1,16.9
2022-2023,LaLiga,Rayo Vallecano,Stole Dimitrievski,MKD,GK,28.0,36.9,49.0,4.0,0.0,9.0,4.0,44.2,0.3,-0.8,-0.02,152.0,537.0,28.3,816.0,199.0,45.0,38.6,299.0,56.9,46.7,500.0,24.0,4.8,52.0,1.41,16.1
2022-2023,LaLiga,Rayo Vallecano,Diego López,ESP,GK,40.0,1.1,4.0,0.0,0.0,2.0,0.0,1.7,0.33,-2.3,-2.19,2.0,8.0,25.0,21.0,5.0,28.6,30.3,8.0,25.0,35.3,12.0,0.0,0.0,2.0,1.88,17.0
2022-2023,LaLiga,Sevilla,Yassine Bounou,MAR,GK,31.0,23.9,41.0,2.0,1.0,3.0,2.0,37.3,0.34,-1.7,-0.07,115.0,303.0,38.0,785.0,92.0,27.9,30.9,162.0,51.9,42.1,308.0,20.0,6.5,39.0,1.63,17.4
2022-2023,LaLiga,Sevilla,Marko Dmitrović,SRB,GK,30.0,14.1,13.0,0.0,0.0,2.0,1.0,12.2,0.23,0.2,0.02,103.0,326.0,31.6,372.0,44.0,58.1,44.0,131.0,84.0,62.4,216.0,12.0,5.6,10.0,0.71,12.2
2022-2023,LaLiga,Celta Vigo,Agustín Marchesín,ARG,GK,34.0,19.0,29.0,2.0,1.0,4.0,1.0,20.7,0.24,-7.3,-0.38,103.0,267.0,38.6,500.0,75.0,39.8,35.3,131.0,51.9,42.9,253.0,14.0,5.5,25.0,1.32,18.1
2022-2023,LaLiga,Celta Vigo,Iván Villar,ESP,GK,25.0,19.0,24.0,3.0,0.0,6.0,0.0,22.2,0.31,-1.8,-0.09,81.0,239.0,33.9,435.0,96.0,34.7,33.8,157.0,56.1,44.8,256.0,8.0,3.1,14.0,0.74,14.2
2022-2023,LaLiga,Cádiz,Jeremías Ledesma,ARG,GK,29.0,34.0,48.0,8.0,1.0,6.0,0.0,47.1,0.22,-0.9,-0.03,236.0,735.0,32.1,824.0,135.0,58.5,44.9,285.0,88.8,64.1,595.0,42.0,7.1,26.0,0.76,10.8
2022-2023,LaLiga,Cádiz,David Gil,ESP,GK,28.0,4.0,5.0,1.0,0.0,1.0,0.0,6.3,0.23,1.3,0.32,34.0,94.0,36.2,93.0,15.0,64.5,46.4,36.0,94.4,65.1,56.0,2.0,3.6,4.0,1.0,13.6
2022-2023,LaLiga,Getafe,David Soria,ESP,GK,29.0,38.0,45.0,4.0,0.0,7.0,2.0,45.5,0.23,2.5,0.07,409.0,904.0,45.2,782.0,99.0,75.1,49.8,347.0,91.4,59.8,586.0,36.0,6.1,46.0,1.21,15.0
2022-2023,LaLiga,Valencia,Giorgi Mamardashvili,GEO,GK,21.0,38.0,45.0,2.0,0.0,7.0,2.0,42.9,0.28,-0.1,0.0,177.0,522.0,33.9,843.0,142.0,40.8,35.1,239.0,74.5,54.2,457.0,35.0,7.7,47.0,1.24,16.3
2022-2023,LaLiga,Almería,Fernando,ESP,GK,32.0,36.5,61.0,4.0,1.0,4.0,1.0,60.5,0.29,0.5,0.01,199.0,557.0,35.7,967.0,211.0,39.1,36.9,341.0,52.5,42.9,614.0,39.0,6.4,26.0,0.71,12.4
2022-2023,LaLiga,Almería,Fernando Pacheco,ESP,GK,30.0,1.0,2.0,0.0,0.0,1.0,0.0,1.6,0.32,-0.4,-0.42,3.0,12.0,25.0,26.0,8.0,42.3,40.2,4.0,25.0,36.0,16.0,1.0,6.3,2.0,2.0,14.5
2022-2023,LaLiga,Almería,Diego Mariño,ESP,GK,32.0,0.5,2.0,0.0,0.0,0.0,0.0,1.4,0.28,-0.6,-1.25,2.0,3.0,66.7,3.0,1.0,33.3,35.7,5.0,40.0,45.6,12.0,0.0,0.0,0.0,0.0,7.0
2022-2023,LaLiga,Valladolid,Jordi Masip,ESP,GK,33.0,27.9,42.0,5.0,0.0,0.0,1.0,45.8,0.27,4.8,0.17,133.0,389.0,34.2,722.0,121.0,36.8,35.9,239.0,51.5,41.9,396.0,15.0,3.8,14.0,0.5,12.7
2022-2023,LaLiga,Valladolid,Sergio Asenjo,ESP,GK,33.0,10.0,21.0,1.0,1.0,0.0,0.0,16.8,0.31,-4.2,-0.42,58.0,162.0,35.8,260.0,46.0,38.8,35.8,92.0,66.3,51.2,166.0,5.0,3.0,17.0,1.7,16.1
2022-2023,LaLiga,Valladolid,Álvaro Aceves,ESP,GK,19.0,0.1,0.0,0.0,0.0,0.0,0.0,0.1,0.04,0.1,0.9,1.0,2.0,50.0,7.0,3.0,28.6,25.7,1.0,0.0,24.0,1.0,0.0,0.0,2.0,13.85,33.0
2022-2023,LaLiga,Espanyol,Fernando Pacheco,ESP,GK,30.0,16.0,33.0,4.0,0.0,3.0,0.0,26.6,0.25,-6.4,-0.4,127.0,272.0,46.7,417.0,56.0,42.4,36.2,137.0,69.3,49.6,242.0,16.0,6.6,19.0,1.19,13.8
2022-2023,LaLiga,Espanyol,Álvaro Fernández,ESP,GK,24.0,11.0,18.0,0.0,0.0,4.0,1.0,15.2,0.31,-1.8,-0.17,104.0,221.0,47.1,253.0,37.0,55.7,42.5,103.0,77.7,54.8,153.0,5.0,3.3,15.0,1.36,16.3
2022-2023,LaLiga,Espanyol,Benjamin Lecomte,FRA,GK,31.0,10.0,14.0,0.0,0.0,2.0,1.0,10.4,0.26,-2.6,-0.26,72.0,160.0,45.0,192.0,25.0,57.3,43.1,80.0,62.5,47.0,146.0,4.0,2.7,11.0,1.1,15.3
2022-2023,LaLiga,Espanyol,Joan García,ESP,GK,21.0,1.0,3.0,1.0,0.0,0.0,0.0,1.8,0.21,-1.2,-1.16,2.0,6.0,33.3,27.0,4.0,14.8,21.7,3.0,66.7,47.3,16.0,2.0,12.5,1.0,1.0,13.0
2022-2023,LaLiga,Elche,Édgar Badía,ESP,GK,30.0,36.0,63.0,7.0,0.0,4.0,2.0,69.5,0.31,8.5,0.24,191.0,422.0,45.3,772.0,166.0,33.8,34.2,296.0,54.4,41.7,574.0,21.0,3.7,20.0,0.56,12.7
2022-2023,LaLiga,Elche,Axel Werner,ARG,GK,26.0,2.0,4.0,0.0,0.0,2.0,0.0,2.4,0.31,-1.6,-0.82,4.0,20.0,20.0,53.0,9.0,32.1,34.9,16.0,18.8,33.8,26.0,1.0,3.8,1.0,0.5,14.0
2022-2023,Ligue1,Paris S-G,Gianluigi Donnarumma,ITA,GK,23.0,37.9,40.0,2.0,1.0,3.0,1.0,43.3,0.26,4.3,0.11,54.0,148.0,36.5,728.0,167.0,15.0,23.9,207.0,18.8,24.1,436.0,33.0,7.6,27.0,0.71,12.1
2022-2023,Ligue1,Paris S-G,Alexandre Letellier,FRA,GK,31.0,0.1,0.0,0.0,0.0,0.0,0.0,0.0,,0.0,0.0,0.0,0.0,,3.0,0.0,0.0,19.0,1.0,0.0,11.0,1.0,0.0,0.0,0.0,0.0,
2022-2023,Ligue1,Lens,Brice Samba,FRA,GK,28.0,37.0,28.0,3.0,0.0,6.0,1.0,32.4,0.24,5.4,0.15,174.0,435.0,40.0,1075.0,140.0,35.5,33.3,160.0,33.1,32.7,384.0,34.0,8.9,41.0,1.11,15.4
2022-2023,Ligue1,Lens,Jean-Louis Leca,FRA,GK,36.0,1.0,1.0,0.0,0.0,0.0,0.0,1.6,0.4,0.6,0.6,9.0,14.0,64.3,29.0,5.0,44.8,36.8,10.0,10.0,20.4,20.0,1.0,5.0,0.0,0.0,8.2
2022-2023,Ligue1,Marseille,Pau López,ESP,GK,27.0,32.5,34.0,5.0,0.0,6.0,1.0,33.8,0.24,0.8,0.02,112.0,324.0,34.6,941.0,132.0,25.1,31.0,172.0,51.2,40.4,370.0,22.0,5.9,37.0,1.14,15.4
2022-2023,Ligue1,Marseille,Rubén Blanco,ESP,GK,27.0,5.5,6.0,0.0,0.0,1.0,2.0,3.9,0.2,-0.1,-0.02,11.0,47.0,23.4,165.0,31.0,20.6,27.4,41.0,31.7,32.1,73.0,3.0,4.1,7.0,1.27,17.9
2022-2023,Ligue1,Rennes,Steve Mandanda,FRA,GK,37.0,33.5,31.0,2.0,0.0,5.0,1.0,32.4,0.28,2.4,0.07,163.0,420.0,38.8,1022.0,166.0,30.6,31.5,192.0,55.7,41.5,382.0,35.0,9.2,51.0,1.52,16.7
2022-2023,Ligue1,Rennes,Doğan Alemdar,TUR,GK,19.0,4.5,8.0,1.0,0.0,2.0,0.0,6.5,0.29,-1.5,-0.32,23.0,67.0,34.3,109.0,14.0,38.5,33.0,35.0,71.4,51.4,75.0,5.0,6.7,5.0,1.11,14.8
2022-2023,Ligue1,Lille,Lucas Chevalier,FRA,GK,20.0,32.0,31.0,2.0,2.0,1.0,3.0,30.5,0.27,2.5,0.08,76.0,282.0,27.0,903.0,121.0,26.2,29.4,105.0,42.9,37.2,317.0,22.0,6.9,25.0,0.78,13.5
2022-2023,Ligue1,Lille,Léo Jardim,BRA,GK,27.0,6.0,13.0,2.0,0.0,2.0,0.0,8.6,0.4,-4.4,-0.73,6.0,34.0,17.6,138.0,27.0,21.7,26.8,15.0,26.7,26.7,65.0,5.0,7.7,9.0,1.5,16.0
2022-2023,Ligue1,Monaco,Alexander Nübel,GER,GK,25.0,38.0,58.0,5.0,1.0,4.0,3.0,49.5,0.24,-5.5,-0.14,189.0,445.0,42.5,875.0,203.0,32.2,32.8,266.0,61.3,45.6,454.0,36.0,7.9,33.0,0.87,12.7
2022-2023,Ligue1,Lyon,Anthony Lopes,POR,GK,31.0,31.3,39.0,7.0,2.0,5.0,2.0,41.4,0.27,4.4,0.14,114.0,317.0,36.0,838.0,134.0,31.3,31.9,183.0,30.1,31.8,358.0,19.0,5.3,25.0,0.8,13.9
2022-2023,Ligue1,Lyon,Rémy Riou,FRA,GK,34.0,6.7,8.0,4.0,0.0,0.0,1.0,8.8,0.2,1.8,0.27,12.0,49.0,24.5,178.0,30.0,22.5,28.7,47.0,19.1,26.0,78.0,6.0,7.7,10.0,1.5,17.2
2022-2023,Ligue1,Clermont Foot,Mory Diaw,SEN,GK,29.0,37.0,47.0,8.0,0.0,5.0,0.0,55.4,0.28,8.4,0.23,235.0,601.0,39.1,1209.0,173.0,40.0,37.0,255.0,45.9,40.4,464.0,34.0,7.3,25.0,0.68,11.5
2022-2023,Ligue1,Clermont Foot,Ouparine Djoco,GNB,GK,24.0,1.0,2.0,0.0,0.0,0.0,0.0,1.0,0.34,-1.0,-0.97,3.0,17.0,17.6,30.0,4.0,40.0,33.6,10.0,50.0,31.7,14.0,1.0,7.1,5.0,5.0,21.3
2022-2023,Ligue1,Nice,Kasper Schmeichel,DEN,GK,35.0,36.0,35.0,3.0,2.0,5.0,0.0,35.9,0.23,0.9,0.02,170.0,388.0,43.8,909.0,119.0,30.7,32.7,278.0,39.2,35.7,455.0,24.0,5.3,23.0,0.64,12.9
2022-2023,Ligue1,Nice,Marcin Bułka,POL,GK,22.0,2.0,2.0,0.0,0.0,0.0,0.0,3.1,0.52,1.1,0.56,8.0,20.0,40.0,49.0,11.0,20.4,28.1,18.0,55.6,44.2,26.0,2.0,7.7,3.0,1.5,13.8
2022-2023,Ligue1,Lorient,Yvon Mvogo,SUI,GK,28.0,20.1,29.0,1.0,0.0,4.0,1.0,27.1,0.27,-0.9,-0.04,86.0,228.0,37.7,473.0,85.0,34.0,32.1,145.0,46.2,36.6,381.0,21.0,5.5,7.0,0.35,8.5
2022-2023,Ligue1,Lorient,Vito Mannone,ITA,GK,34.0,17.9,24.0,1.0,2.0,2.0,0.0,25.2,0.29,1.2,0.07,56.0,176.0,31.8,471.0,101.0,25.9,29.5,112.0,48.2,37.5,344.0,12.0,3.5,9.0,0.5,10.6
2022-2023,Ligue1,Reims,Yehvann Diouf,FRA,GK,22.0,31.0,31.0,1.0,2.0,2.0,1.0,37.0,0.27,7.0,0.22,136.0,308.0,44.2,874.0,191.0,28.3,31.8,185.0,33.0,34.3,430.0,40.0,9.3,35.0,1.13,12.7
2022-2023,Ligue1,Reims,Patrick Pentz,AUT,GK,25.0,7.0,14.0,2.0,0.0,2.0,1.0,11.9,0.34,-1.1,-0.16,29.0,94.0,30.9,152.0,25.0,44.7,36.3,59.0,44.1,38.7,103.0,8.0,7.8,4.0,0.57,12.2
2022-2023,Ligue1,Montpellier,Benjamin Lecomte,FRA,GK,31.0,19.0,22.0,2.0,0.0,2.0,0.0,29.5,0.29,7.5,0.4,116.0,322.0,36.0,475.0,72.0,46.9,37.8,165.0,60.0,44.2,273.0,15.0,5.5,13.0,0.68,10.8
2022-2023,Ligue1,Montpellier,Jonas Omlin,SUI,GK,28.0,13.0,26.0,3.0,0.0,2.0,2.0,24.1,0.28,0.1,0.0,53.0,161.0,32.9,330.0,77.0,32.1,31.7,85.0,64.7,47.3,209.0,14.0,6.7,12.0,0.93,12.0
2022-2023,Ligue1,Montpellier,Bingourou Kamara,SEN,GK,25.0,4.5,11.0,1.0,0.0,2.0,0.0,9.1,0.29,-1.9,-0.41,18.0,57.0,31.6,95.0,19.0,42.1,35.4,35.0,48.6,39.9,52.0,3.0,5.8,2.0,0.44,11.2
2022-2023,Ligue1,Montpellier,Matis Carvalho,POR,GK,23.0,1.5,3.0,0.0,0.0,0.0,0.0,1.9,0.24,-1.1,-0.7,14.0,43.0,32.6,38.0,4.0,78.9,49.4,14.0,92.9,61.4,38.0,2.0,5.3,0.0,0.0,8.3
2022-2023,Ligue1,Toulouse,Maxime Dupé,FRA,GK,29.0,38.0,57.0,4.0,2.0,8.0,3.0,54.2,0.28,0.2,0.01,136.0,363.0,37.5,1006.0,176.0,24.4,29.5,264.0,44.7,37.2,517.0,30.0,5.8,21.0,0.55,10.1
2022-2023,Ligue1,Brest,Marco Bizot,NED,GK,31.0,37.0,54.0,7.0,1.0,11.0,2.0,54.9,0.26,2.9,0.08,198.0,477.0,41.5,806.0,163.0,38.2,35.5,289.0,58.5,43.9,520.0,30.0,5.8,25.0,0.68,11.6
2022-2023,Ligue1,Brest,Joaquín Blázquez,ARG,GK,21.0,1.0,0.0,0.0,0.0,0.0,0.0,0.2,0.06,0.2,0.17,8.0,13.0,61.5,18.0,3.0,61.1,45.7,11.0,18.2,26.3,11.0,2.0,18.2,0.0,0.0,3.5
2022-2023,Ligue1,Strasbourg,Matz Sels,BEL,GK,30.0,38.0,59.0,10.0,1.0,6.0,0.0,56.5,0.27,-2.5,-0.06,159.0,455.0,34.9,775.0,130.0,44.8,36.9,196.0,55.1,43.9,504.0,31.0,6.2,32.0,0.84,12.8
2022-2023,Ligue1,Nantes,Alban Lafont,FRA,GK,23.0,37.0,54.0,9.0,1.0,6.0,4.0,54.8,0.26,4.8,0.13,189.0,516.0,36.6,942.0,202.0,37.2,35.5,247.0,67.2,49.3,493.0,42.0,8.5,39.0,1.05,12.3
2022-2023,Ligue1,Nantes,Rémy Descamps,FRA,GK,26.0,1.0,1.0,0.0,0.0,0.0,0.0,1.5,0.25,0.5,0.48,5.0,9.0,55.6,20.0,9.0,25.0,33.2,6.0,66.7,46.5,11.0,1.0,9.1,0.0,0.0,7.0
2022-2023,Ligue1,Auxerre,Benoît Costil,FRA,GK,35.0,19.0,41.0,3.0,0.0,3.0,0.0,34.0,0.33,-7.0,-0.37,132.0,292.0,45.2,454.0,72.0,41.9,36.8,137.0,74.5,51.7,285.0,3.0,1.1,11.0,0.58,13.1
2022-2023,Ligue1,Auxerre,Ionuț Radu,ROU,GK,25.0,17.0,20.0,0.0,0.0,0.0,1.0,21.9,0.27,2.9,0.17,117.0,349.0,33.5,469.0,65.0,52.9,41.3,128.0,78.9,53.1,273.0,14.0,5.1,13.0,0.76,12.7
2022-2023,Ligue1,Auxerre,Donovan Léon,GUF,GK,29.0,2.0,2.0,1.0,0.0,0.0,0.0,1.9,0.13,-0.1,-0.03,19.0,57.0,33.3,55.0,8.0,63.6,46.4,24.0,91.7,66.1,41.0,0.0,0.0,2.0,1.0,12.9
2022-2023,Ligue1,Ajaccio,Benjamin Leroy,FRA,GK,33.0,31.1,60.0,8.0,1.0,10.0,1.0,47.7,0.3,-11.3,-0.36,213.0,522.0,40.8,657.0,77.0,52.4,38.5,212.0,84.0,52.1,389.0,18.0,4.6,54.0,1.74,16.9
2022-2023,Ligue1,Ajaccio,François-Joseph Sollacaro,FRA,GK,28.0,6.0,14.0,1.0,0.0,1.0,1.0,9.1,0.34,-3.9,-0.65,19.0,87.0,21.8,102.0,11.0,56.9,40.7,40.0,72.5,48.2,93.0,6.0,6.5,6.0,1.0,11.5
2022-2023,Ligue1,Ajaccio,Ghjuvanni Quilichini,FRA,GK,19.0,0.9,0.0,0.0,0.0,0.0,0.0,0.8,0.24,0.8,0.93,6.0,24.0,25.0,26.0,2.0,61.5,43.8,8.0,100.0,61.0,25.0,2.0,8.0,0.0,0.0,7.5
2022-2023,Ligue1,Troyes,Gauthier Gallon,FRA,GK,29.0,29.6,65.0,5.0,0.0,8.0,2.0,54.9,0.29,-8.1,-0.27,107.0,391.0,27.4,707.0,144.0,35.2,33.2,241.0,58.9,44.4,496.0,33.0,6.7,9.0,0.3,8.8
2022-2023,Ligue1,Troyes,Mateusz Lis,POL,GK,25.0,8.3,16.0,2.0,0.0,2.0,0.0,16.4,0.28,0.4,0.05,39.0,127.0,30.7,235.0,41.0,38.7,35.2,78.0,46.2,37.4,154.0,12.0,7.8,13.0,1.56,14.4
2022-2023,Ligue1,Angers,Paul Bernardoni,FRA,GK,25.0,27.0,62.0,8.0,1.0,6.0,3.0,51.4,0.31,-7.6,-0.28,94.0,291.0,32.3,479.0,124.0,39.5,34.6,185.0,55.1,42.6,357.0,21.0,5.9,18.0,0.67,11.4
2022-2023,Ligue1,Angers,Yahia Fofana,CIV,GK,21.0,11.0,19.0,1.0,0.0,3.0,1.0,16.4,0.27,-1.6,-0.14,33.0,125.0,26.4,256.0,70.0,35.2,33.6,69.0,50.7,41.7,143.0,17.0,11.9,9.0,0.82,11.8
2022-2023,SeriaA,Napoli,Alex Meret,ITA,GK,25.0,34.0,24.0,1.0,0.0,1.0,0.0,25.0,0.25,1.0,0.03,56.0,145.0,38.6,733.0,121.0,14.3,26.1,198.0,20.2,26.9,335.0,11.0,3.3,39.0,1.15,17.0
2022-2023,SeriaA,Napoli,Pierluigi Gollini,ITA,GK,27.0,4.0,4.0,0.0,0.0,1.0,0.0,3.1,0.19,-0.9,-0.23,15.0,36.0,41.7,128.0,24.0,20.3,29.6,31.0,32.3,32.2,56.0,2.0,3.6,4.0,1.0,18.8
2022-2023,SeriaA,Lazio,Ivan Provedel,ITA,GK,28.0,37.9,30.0,1.0,0.0,5.0,1.0,31.4,0.25,2.4,0.06,158.0,373.0,42.4,1121.0,166.0,27.4,32.2,198.0,33.3,33.2,493.0,21.0,4.3,55.0,1.45,16.5
2022-2023,SeriaA,Lazio,Luís Maximiano,POR,GK,23.0,0.1,,,,,,,,,,2.0,3.0,66.7,,1.0,,,,,,,,,,,19.0
2022-2023,SeriaA,Inter,André Onana,CMR,GK,26.0,24.0,24.0,2.0,0.0,5.0,2.0,19.3,0.21,-2.7,-0.11,105.0,270.0,38.9,875.0,115.0,25.5,29.6,152.0,30.9,35.4,283.0,15.0,5.3,10.0,0.42,12.5
2022-2023,SeriaA,Inter,Samir Handanović,SVN,GK,38.0,13.7,18.0,1.0,0.0,1.0,1.0,15.0,0.27,-2.0,-0.14,45.0,87.0,51.7,508.0,71.0,15.6,24.7,71.0,11.3,25.5,149.0,2.0,1.3,10.0,0.73,15.4
2022-2023,SeriaA,Inter,Alex Cordaz,ITA,GK,39.0,0.3,0.0,0.0,0.0,0.0,0.0,0.5,0.26,0.5,1.77,1.0,7.0,14.3,15.0,3.0,26.7,33.5,5.0,60.0,52.0,7.0,0.0,0.0,0.0,0.0,
2022-2023,SeriaA,Milan,Mike Maignan,FRA,GK,27.0,22.0,21.0,2.0,1.0,2.0,0.0,20.3,0.28,-0.7,-0.03,76.0,193.0,39.4,725.0,119.0,22.8,29.8,85.0,32.9,35.1,221.0,15.0,6.8,32.0,1.46,17.8
2022-2023,SeriaA,Milan,Ciprian Tătărușanu,ROU,GK,36.0,16.0,22.0,2.0,2.0,4.0,1.0,16.8,0.25,-4.2,-0.26,94.0,195.0,48.2,473.0,75.0,32.1,32.9,83.0,51.8,41.8,195.0,9.0,4.6,13.0,0.81,14.4
2022-2023,SeriaA,Milan,Antonio Mirante,ITA,GK,39.0,0.0,0.0,0.0,0.0,0.0,0.0,0.0,,0.0,0.0,0.0,0.0,,3.0,0.0,0.0,27.0,1.0,0.0,15.0,0.0,0.0,,0.0,0.0,
2022-2023,SeriaA,Atalanta,Juan Musso,ARG,GK,28.0,23.1,27.0,2.0,0.0,3.0,2.0,21.7,0.23,-3.3,-0.14,109.0,276.0,39.5,547.0,152.0,32.5,32.1,157.0,62.4,48.6,253.0,14.0,5.5,24.0,1.04,15.6
2022-2023,SeriaA,Atalanta,Marco Sportiello,ITA,GK,30.0,14.9,21.0,1.0,1.0,2.0,0.0,19.6,0.29,-1.4,-0.1,52.0,148.0,35.1,346.0,85.0,20.5,28.8,116.0,66.4,49.7,200.0,18.0,9.0,18.0,1.21,15.0
2022-2023,SeriaA,Atalanta,Francesco Rossi,ITA,GK,31.0,0.0,0.0,0.0,0.0,0.0,0.0,0.0,,0.0,0.0,0.0,1.0,0.0,3.0,0.0,0.0,17.3,1.0,100.0,65.0,1.0,0.0,0.0,0.0,0.0,
2022-2023,SeriaA,Roma,Rui Patrício,POR,GK,34.0,35.0,35.0,2.0,1.0,4.0,1.0,27.6,0.23,-6.4,-0.18,135.0,328.0,41.2,644.0,121.0,37.6,33.6,240.0,35.8,34.8,402.0,16.0,4.0,25.0,0.71,13.8
2022-2023,SeriaA,Roma,Mile Svilar,SRB,GK,22.0,3.0,3.0,0.0,0.0,0.0,0.0,2.9,0.29,-0.1,-0.03,16.0,44.0,36.4,61.0,13.0,50.8,41.4,16.0,81.3,60.1,42.0,6.0,14.3,4.0,1.33,12.1
2022-2023,SeriaA,Juventus,Wojciech Szczęsny,POL,GK,32.0,27.5,26.0,3.0,0.0,5.0,0.0,26.0,0.25,0.0,0.0,128.0,270.0,47.4,634.0,128.0,32.2,33.5,153.0,43.1,38.3,389.0,11.0,2.8,21.0,0.76,14.7
2022-2023,SeriaA,Juventus,Mattia Perin,ITA,GK,29.0,10.5,7.0,1.0,0.0,1.0,0.0,11.2,0.23,4.2,0.39,32.0,107.0,29.9,287.0,54.0,28.6,30.8,63.0,39.7,35.9,154.0,4.0,2.6,11.0,1.04,15.7
2022-2023,SeriaA,Fiorentina,Pietro Terracciano,ITA,GK,32.0,29.0,38.0,6.0,0.0,3.0,2.0,33.1,0.28,-2.9,-0.1,155.0,375.0,41.3,871.0,113.0,32.7,33.2,198.0,45.5,40.5,271.0,12.0,4.4,55.0,1.9,18.4
2022-2023,SeriaA,Fiorentina,Michele Cerofolini,ITA,GK,23.0,5.0,3.0,1.0,0.0,0.0,0.0,3.4,0.22,0.4,0.09,24.0,70.0,34.3,167.0,27.0,34.7,33.3,28.0,42.9,38.1,29.0,1.0,3.4,3.0,0.6,13.8
2022-2023,SeriaA,Fiorentina,Pierluigi Gollini,ITA,GK,27.0,3.0,2.0,0.0,0.0,1.0,0.0,1.7,0.21,-0.3,-0.1,13.0,38.0,34.2,115.0,17.0,27.0,32.4,11.0,63.6,49.3,24.0,1.0,4.2,0.0,0.0,9.3
2022-2023,SeriaA,Fiorentina,Salvatore Sirigu,ITA,GK,35.0,1.0,0.0,0.0,0.0,0.0,0.0,1.0,0.19,1.0,0.96,6.0,16.0,37.5,30.0,9.0,40.0,37.7,8.0,50.0,41.8,12.0,0.0,0.0,2.0,2.0,26.3
2022-2023,SeriaA,Bologna,Łukasz Skorupski,POL,GK,31.0,37.0,49.0,7.0,1.0,6.0,3.0,47.8,0.25,1.8,0.05,146.0,371.0,39.4,933.0,206.0,29.8,31.7,278.0,33.5,33.0,492.0,29.0,5.9,24.0,0.65,12.9
2022-2023,SeriaA,Bologna,Francesco Bardi,ITA,GK,30.0,1.0,0.0,0.0,0.0,0.0,0.0,0.6,0.16,0.6,0.56,5.0,9.0,55.6,13.0,5.0,38.5,35.6,9.0,44.4,33.4,10.0,0.0,0.0,0.0,0.0,
2022-2023,SeriaA,Torino,Vanja Milinković-Savić,SRB,GK,25.0,38.0,41.0,5.0,0.0,6.0,0.0,35.8,0.23,-5.2,-0.14,285.0,939.0,30.4,1506.0,185.0,45.0,39.7,286.0,91.3,70.0,469.0,36.0,7.7,70.0,1.84,16.2
2022-2023,SeriaA,Monza,Michele Di Gregorio,ITA,GK,25.0,37.0,49.0,3.0,1.0,4.0,1.0,48.7,0.28,0.7,0.02,166.0,476.0,34.9,1265.0,236.0,30.4,32.2,247.0,37.2,34.9,541.0,14.0,2.6,32.0,0.86,13.4
2022-2023,SeriaA,Monza,Alessio Cragno,ITA,GK,28.0,1.0,3.0,0.0,0.0,0.0,0.0,1.7,0.35,-1.3,-1.33,2.0,4.0,50.0,25.0,4.0,12.0,22.6,6.0,16.7,33.3,7.0,0.0,0.0,2.0,2.0,25.7
2022-2023,SeriaA,Udinese,Marco Silvestri,ITA,GK,31.0,38.0,48.0,6.0,2.0,3.0,2.0,48.7,0.31,2.7,0.07,144.0,380.0,37.9,872.0,142.0,31.9,32.0,302.0,33.8,34.1,547.0,13.0,2.4,21.0,0.55,12.2
2022-2023,SeriaA,Sassuolo,Andrea Consigli,ITA,GK,35.0,35.0,55.0,3.0,0.0,5.0,2.0,38.5,0.31,-14.5,-0.41,176.0,436.0,40.4,1140.0,187.0,30.4,33.3,285.0,31.2,32.5,467.0,28.0,6.0,28.0,0.8,14.2
2022-2023,SeriaA,Sassuolo,Gianluca Pegolo,ITA,GK,41.0,2.0,3.0,1.0,0.0,0.0,0.0,3.2,0.38,0.2,0.12,9.0,18.0,50.0,61.0,10.0,21.3,29.7,16.0,31.3,28.3,28.0,2.0,7.1,0.0,0.0,9.0
2022-2023,SeriaA,Sassuolo,Alessandro Russo,ITA,GK,21.0,1.0,3.0,0.0,0.0,0.0,0.0,2.8,0.4,-0.2,-0.22,0.0,12.0,0.0,42.0,2.0,28.6,30.7,8.0,0.0,18.3,14.0,0.0,0.0,0.0,0.0,10.0
2022-2023,SeriaA,Empoli,Guglielmo Vicario,ITA,GK,25.0,30.9,39.0,4.0,0.0,8.0,1.0,40.9,0.27,2.9,0.09,138.0,455.0,30.3,1106.0,151.0,33.5,33.8,170.0,50.0,42.9,606.0,34.0,5.6,22.0,0.71,11.5
2022-2023,SeriaA,Empoli,Samuele Perisan,ITA,GK,24.0,7.0,9.0,0.0,0.0,2.0,0.0,7.5,0.31,-1.5,-0.22,25.0,75.0,33.3,153.0,39.0,32.0,32.7,75.0,34.7,34.3,134.0,5.0,3.7,4.0,0.57,11.6
2022-2023,SeriaA,Empoli,Samir Ujkani,KVX,GK,34.0,0.1,1.0,0.0,0.0,0.0,0.0,0.2,0.25,-0.8,-9.69,0.0,0.0,,2.0,1.0,0.0,18.5,1.0,0.0,27.0,1.0,0.0,0.0,0.0,0.0,
2022-2023,SeriaA,Salernitana,Guillermo Ochoa,MEX,GK,37.0,20.0,33.0,3.0,1.0,6.0,0.0,34.8,0.3,1.8,0.09,135.0,430.0,31.4,556.0,45.0,53.6,40.9,200.0,66.0,47.3,311.0,11.0,3.5,10.0,0.5,12.3
2022-2023,SeriaA,Salernitana,Luigi Sepe,ITA,GK,31.0,17.0,27.0,4.0,0.0,0.0,0.0,30.3,0.27,3.3,0.2,76.0,274.0,27.7,490.0,84.0,40.6,35.9,154.0,48.7,41.1,222.0,16.0,7.2,13.0,0.76,14.2
2022-2023,SeriaA,Salernitana,Vincenzo Fiorillo,ITA,GK,32.0,1.0,2.0,0.0,0.0,0.0,0.0,1.9,0.49,-0.1,-0.05,7.0,15.0,46.7,19.0,3.0,57.9,37.9,5.0,80.0,56.2,7.0,1.0,14.3,0.0,0.0,6.0
2022-2023,SeriaA,Lecce,Wladimiro Falcone,ITA,GK,27.0,38.0,46.0,5.0,2.0,6.0,3.0,43.2,0.24,0.2,0.01,194.0,721.0,26.9,876.0,143.0,56.8,42.1,282.0,79.1,53.5,534.0,23.0,4.3,42.0,1.11,14.1
2022-2023,SeriaA,Spezia,Bartłomiej Drągowski,POL,GK,24.0,32.7,54.0,4.0,1.0,7.0,3.0,46.1,0.25,-4.9,-0.15,151.0,482.0,31.3,975.0,159.0,37.6,34.6,196.0,58.7,46.5,472.0,13.0,2.8,32.0,0.98,14.1
2022-2023,SeriaA,Spezia,Jeroen Zoet,NED,GK,31.0,3.7,4.0,1.0,0.0,1.0,0.0,2.8,0.14,-1.2,-0.31,25.0,78.0,32.1,110.0,13.0,54.5,39.0,23.0,78.3,58.4,62.0,4.0,6.5,6.0,1.61,14.7
2022-2023,SeriaA,Spezia,Petar Zovko,BIH,GK,20.0,0.8,2.0,0.0,0.0,0.0,0.0,1.7,0.55,-0.3,-0.42,7.0,21.0,33.3,23.0,3.0,47.8,35.1,13.0,76.9,51.1,24.0,1.0,4.2,2.0,2.47,17.0
2022-2023,SeriaA,Spezia,Federico Marchetti,ITA,GK,39.0,0.7,2.0,0.0,0.0,0.0,0.0,1.5,0.48,-0.5,-0.74,2.0,4.0,50.0,10.0,2.0,10.0,24.3,8.0,37.5,32.4,8.0,0.0,0.0,1.0,1.36,22.0
2022-2023,SeriaA,Hellas Verona,Lorenzo Montipò,ITA,GK,26.0,37.0,59.0,1.0,1.0,4.0,3.0,49.6,0.27,-6.4,-0.17,360.0,775.0,46.5,905.0,124.0,62.9,44.3,284.0,72.5,52.1,496.0,26.0,5.2,55.0,1.49,15.3
2022-2023,SeriaA,Hellas Verona,Simone Perilli,ITA,GK,27.0,1.0,0.0,0.0,0.0,0.0,0.0,0.8,0.19,0.8,0.75,6.0,30.0,20.0,21.0,0.0,81.0,57.3,13.0,100.0,69.8,19.0,1.0,5.3,1.0,1.0,12.0
2022-2023,SeriaA,Cremonese,Marco Carnesecchi,ITA,GK,22.0,27.0,47.0,2.0,3.0,7.0,1.0,44.2,0.28,-1.8,-0.07,157.0,523.0,30.0,745.0,135.0,52.2,41.4,203.0,66.0,53.1,402.0,29.0,7.2,29.0,1.07,14.1
2022-2023,SeriaA,Cremonese,Ionuț Radu,ROU,GK,25.0,9.0,19.0,3.0,0.0,3.0,0.0,21.0,0.29,2.0,0.22,38.0,143.0,26.6,265.0,34.0,41.1,37.3,67.0,50.7,46.3,107.0,6.0,5.6,9.0,1.0,14.5
2022-2023,SeriaA,Cremonese,Mouhamadou Sarr,SEN,GK,25.0,2.0,3.0,0.0,0.0,1.0,0.0,2.9,0.36,-0.1,-0.05,19.0,38.0,50.0,71.0,12.0,40.8,35.7,12.0,75.0,53.6,18.0,0.0,0.0,1.0,0.5,8.6
2022-2023,SeriaA,Sampdoria,Emil Audero,ITA,GK,25.0,25.0,39.0,5.0,0.0,4.0,2.0,32.3,0.21,-4.7,-0.19,159.0,441.0,36.1,714.0,104.0,45.8,39.1,200.0,57.0,44.2,356.0,24.0,6.7,23.0,0.92,13.9
2022-2023,SeriaA,Sampdoria,Nicola Ravaglia,ITA,GK,33.0,9.0,23.0,2.0,0.0,3.0,0.0,17.9,0.26,-5.1,-0.57,49.0,145.0,33.8,226.0,45.0,42.5,35.6,99.0,49.5,37.6,155.0,10.0,6.5,1.0,0.11,10.5
2022-2023,SeriaA,Sampdoria,Martin Turk,SVN,GK,18.0,4.0,9.0,1.0,0.0,3.0,0.0,8.0,0.26,-1.0,-0.25,35.0,78.0,44.9,99.0,15.0,41.4,35.1,43.0,86.0,56.3,60.0,0.0,0.0,2.0,0.5,12.3
2022-2023,EreDivisie,Feyenoord,Justin Bijlow,NED,GK,24.0,25.0,19.0,0.0,0.0,3.0,1.0,23.9,0.32,5.9,0.24,75.0,214.0,35.0,706.0,143.0,24.1,28.9,119.0,37.0,36.2,274.0,26.0,9.5,29.0,1.16,17.0
2022-2023,EreDivisie,Feyenoord,Timon Wellenreuther,GER,GK,26.0,9.0,11.0,0.0,0.0,2.0,1.0,8.4,0.29,-1.6,-0.18,24.0,69.0,34.8,223.0,43.0,23.3,27.2,49.0,34.7,35.5,94.0,9.0,9.6,20.0,2.22,21.3
2022-2023,EreDivisie,PSV Eindhoven,Walter Benítez,ARG,GK,29.0,30.0,35.0,2.0,0.0,6.0,0.0,30.8,0.28,-4.2,-0.14,159.0,366.0,43.4,653.0,103.0,38.1,33.6,197.0,59.4,44.8,331.0,28.0,8.5,20.0,0.67,12.7
2022-2023,EreDivisie,PSV Eindhoven,Joel Drommel,NED,GK,25.0,4.0,5.0,0.0,1.0,0.0,2.0,3.1,0.2,0.1,0.02,28.0,63.0,44.4,82.0,8.0,59.8,43.4,23.0,60.9,47.6,33.0,3.0,9.1,5.0,1.25,15.4
2022-2023,EreDivisie,Ajax,Gerónimo Rulli,ARG,GK,30.0,19.0,20.0,1.0,0.0,3.0,0.0,17.2,0.26,-2.8,-0.15,75.0,171.0,43.9,787.0,105.0,17.9,26.8,83.0,36.1,33.0,188.0,31.0,16.5,33.0,1.74,16.6
2022-2023,EreDivisie,Ajax,Remko Pasveer,NED,GK,38.0,15.0,18.0,0.0,2.0,1.0,0.0,16.4,0.33,-1.6,-0.11,56.0,162.0,34.6,520.0,83.0,28.1,30.8,65.0,24.6,32.8,138.0,9.0,6.5,27.0,1.8,20.5
2022-2023,EreDivisie,AZ Alkmaar,Mathew Ryan,AUS,GK,30.0,18.0,18.0,3.0,0.0,2.0,0.0,17.9,0.33,-0.1,-0.01,90.0,241.0,37.3,470.0,84.0,33.2,32.8,122.0,69.7,50.1,222.0,22.0,9.9,15.0,0.83,14.6
2022-2023,EreDivisie,AZ Alkmaar,Hobie Verhulst,NED,GK,29.0,16.0,17.0,1.0,0.0,2.0,0.0,17.0,0.3,0.0,0.0,103.0,295.0,34.9,443.0,69.0,50.1,39.1,107.0,68.2,53.2,242.0,2.0,0.8,14.0,0.88,14.5
2022-2023,EreDivisie,Twente,Lars Unnerstall,GER,GK,32.0,33.0,27.0,1.0,1.0,6.0,1.0,33.6,0.26,7.6,0.23,138.0,438.0,31.5,707.0,127.0,43.7,36.7,223.0,57.8,43.9,364.0,17.0,4.7,66.0,2.0,18.4
2022-2023,EreDivisie,Twente,Przemysław Tytoń,POL,GK,35.0,1.0,0.0,0.0,0.0,0.0,0.0,0.1,0.13,0.1,0.13,1.0,3.0,33.3,13.0,4.0,7.7,23.4,5.0,40.0,45.6,10.0,0.0,0.0,1.0,1.0,21.5
2022-2023,EreDivisie,Sparta R'dam,Nick Olij,NED,GK,26.0,32.0,34.0,2.0,1.0,6.0,1.0,42.3,0.26,9.3,0.29,299.0,638.0,46.9,1073.0,145.0,45.1,38.6,217.0,71.0,53.2,527.0,46.0,8.7,36.0,1.13,13.3
2022-2023,EreDivisie,Sparta R'dam,Youri Schoonderwaldt,NED,GK,22.0,2.0,3.0,0.0,0.0,0.0,0.0,1.8,0.26,-1.2,-0.58,12.0,20.0,60.0,39.0,5.0,38.5,32.6,7.0,71.4,46.4,20.0,1.0,5.0,5.0,2.5,17.6
2022-2023,EreDivisie,Utrecht,Vasilios Barkas,GRE,GK,28.0,32.0,50.0,1.0,0.0,5.0,0.0,48.2,0.32,-1.8,-0.06,166.0,399.0,41.6,798.0,152.0,33.6,33.3,244.0,53.7,42.4,497.0,44.0,8.9,27.0,0.84,14.5
2022-2023,EreDivisie,Utrecht,Fabian de Keijzer,NED,GK,22.0,2.0,0.0,0.0,0.0,0.0,0.0,0.8,0.13,0.8,0.4,10.0,31.0,32.3,35.0,8.0,54.3,39.7,15.0,80.0,54.9,34.0,1.0,2.9,1.0,0.5,8.7
2022-2023,EreDivisie,Heerenveen,Andries Noppert,NED,GK,28.0,18.0,16.0,1.0,0.0,3.0,0.0,19.0,0.27,3.0,0.16,101.0,269.0,37.5,555.0,102.0,35.1,34.5,130.0,56.9,45.8,271.0,23.0,8.5,22.0,1.22,14.6
2022-2023,EreDivisie,Heerenveen,Xavier Mous,NED,GK,26.0,16.0,34.0,3.0,0.0,5.0,1.0,30.3,0.35,-2.7,-0.17,79.0,243.0,32.5,376.0,62.0,44.9,37.4,138.0,53.6,45.3,242.0,8.0,3.3,18.0,1.13,13.4
2022-2023,EreDivisie,Heerenveen,Jan Bekkema,NED,GK,26.0,0.0,0.0,0.0,0.0,0.0,0.0,0.0,,0.0,0.0,1.0,2.0,50.0,0.0,0.0,,,2.0,100.0,67.0,0.0,0.0,,0.0,0.0,
2022-2023,EreDivisie,RKC Waalwijk,Etienne Vaessen,NED,GK,27.0,32.0,55.0,4.0,1.0,6.0,1.0,55.5,0.27,1.5,0.05,196.0,573.0,34.2,931.0,198.0,45.3,38.7,271.0,55.7,46.0,520.0,58.0,11.2,42.0,1.31,13.2
2022-2023,EreDivisie,RKC Waalwijk,Joel Castro Pereira,POR,GK,26.0,2.0,9.0,1.0,0.0,0.0,0.0,7.3,0.33,-1.7,-0.83,8.0,27.0,29.6,63.0,19.0,30.2,30.3,15.0,53.3,42.4,46.0,4.0,8.7,0.0,0.0,6.1
2022-2023,EreDivisie,Vitesse,Kjell Scherpen,NED,GK,22.0,25.4,31.0,0.0,1.0,4.0,1.0,29.5,0.3,-0.5,-0.02,172.0,463.0,37.1,731.0,140.0,45.7,38.7,175.0,73.7,55.6,373.0,52.0,13.9,31.0,1.22,12.6
2022-2023,EreDivisie,Vitesse,Daan Reiziger,NED,GK,21.0,6.4,11.0,1.0,1.0,0.0,0.0,8.4,0.31,-2.6,-0.41,34.0,134.0,25.4,145.0,16.0,60.7,45.9,60.0,76.7,59.4,114.0,2.0,1.8,2.0,0.31,10.1
2022-2023,EreDivisie,Vitesse,Jeroen Houwen,NED,GK,26.0,2.2,8.0,0.0,0.0,0.0,0.0,5.9,0.42,-2.1,-0.99,3.0,20.0,15.0,68.0,18.0,26.5,28.8,9.0,22.2,31.9,22.0,0.0,0.0,5.0,2.32,18.2
2022-2023,EreDivisie,Go Ahead Eag,Jeffrey De Lange,NED,GK,24.0,34.0,56.0,2.0,1.0,5.0,2.0,54.2,0.31,0.2,0.01,234.0,554.0,42.2,1020.0,154.0,44.4,37.0,233.0,43.3,37.0,546.0,21.0,3.8,38.0,1.12,15.8
2022-2023,EreDivisie,NEC Nijmegen,Jasper Cillessen,NED,GK,33.0,32.0,43.0,3.0,2.0,2.0,1.0,45.9,0.25,3.9,0.12,198.0,533.0,37.1,871.0,169.0,45.9,37.1,254.0,52.4,42.4,495.0,20.0,4.0,43.0,1.34,15.2
2022-2023,EreDivisie,NEC Nijmegen,Mattijs Branderhorst,NED,GK,28.0,2.0,2.0,1.0,0.0,0.0,0.0,2.3,0.26,0.3,0.14,11.0,33.0,33.3,44.0,5.0,43.2,41.4,19.0,73.7,50.2,29.0,2.0,6.9,0.0,0.0,6.0
2022-2023,EreDivisie,Fortuna Sittard,Ivor Pandur,CRO,GK,22.0,31.0,52.0,3.0,0.0,5.0,2.0,49.4,0.29,-0.6,-0.02,273.0,615.0,44.4,907.0,142.0,43.1,36.5,297.0,75.4,52.6,619.0,72.0,11.6,23.0,0.74,11.5
2022-2023,EreDivisie,Fortuna Sittard,Yanick van Osch,NED,GK,25.0,3.0,10.0,0.0,0.0,1.0,0.0,6.6,0.35,-3.4,-1.14,34.0,73.0,46.6,84.0,11.0,56.0,42.9,32.0,81.3,56.4,57.0,5.0,8.8,1.0,0.33,10.7
2022-2023,EreDivisie,Volendam,Filip Stankovic,SRB,GK,20.0,33.0,71.0,2.0,0.0,10.0,4.0,67.3,0.32,0.3,0.01,225.0,693.0,32.5,849.0,142.0,51.0,39.0,320.0,81.3,56.9,585.0,25.0,4.3,51.0,1.55,15.3
2022-2023,EreDivisie,Volendam,Barry Lauwers,NED,GK,22.0,1.0,0.0,0.0,0.0,0.0,0.0,0.1,0.09,0.1,0.09,13.0,29.0,44.8,23.0,4.0,69.6,49.7,13.0,100.0,62.4,16.0,1.0,6.3,0.0,0.0,10.5
2022-2023,EreDivisie,Excelsior,Stijn van Gassel,NED,GK,25.0,33.7,71.0,1.0,1.0,11.0,2.0,73.1,0.31,4.1,0.12,236.0,655.0,36.0,960.0,181.0,46.4,39.7,301.0,69.8,53.8,596.0,31.0,5.2,21.0,0.62,11.6
2022-2023,EreDivisie,Excelsior,Norbert Alblas,NED,GK,27.0,0.3,0.0,0.0,0.0,0.0,0.0,0.5,0.26,0.5,1.68,1.0,5.0,20.0,6.0,1.0,33.3,34.2,4.0,75.0,62.8,1.0,0.0,0.0,0.0,0.0,5.0
2022-2023,EreDivisie,Emmen,Mickey van der Hart,NED,GK,28.0,25.0,44.0,2.0,2.0,9.0,0.0,37.1,0.29,-6.9,-0.28,130.0,407.0,31.9,660.0,102.0,42.4,35.3,223.0,57.0,44.2,425.0,16.0,3.8,13.0,0.52,12.1
2022-2023,EreDivisie,Emmen,Eric Oelschlägel,GER,GK,26.0,9.0,21.0,0.0,0.0,5.0,1.0,12.9,0.33,-7.1,-0.78,36.0,131.0,27.5,306.0,35.0,35.6,34.6,64.0,34.4,34.3,130.0,4.0,3.1,13.0,1.44,16.7
2022-2023,EreDivisie,Cambuur,João Virgínia,POR,GK,22.0,17.0,28.0,3.0,0.0,3.0,1.0,30.3,0.27,3.3,0.19,115.0,302.0,38.1,498.0,96.0,40.8,37.3,168.0,58.9,48.8,284.0,14.0,4.9,15.0,0.88,13.3
2022-2023,EreDivisie,Cambuur,Robbin Ruiter,NED,GK,35.0,16.0,37.0,3.0,0.0,5.0,2.0,33.8,0.33,-1.2,-0.08,141.0,357.0,39.5,553.0,74.0,48.3,37.6,153.0,58.8,45.7,259.0,11.0,4.2,27.0,1.69,16.0
2022-2023,EreDivisie,Cambuur,Brett Minnema,NED,GK,20.0,1.0,4.0,0.0,0.0,0.0,0.0,1.4,0.28,-2.6,-2.58,7.0,20.0,35.0,25.0,7.0,32.0,34.2,16.0,75.0,54.8,18.0,0.0,0.0,0.0,0.0,
2022-2023,EreDivisie,Groningen,Michael Verrips,NED,GK,25.0,24.0,49.0,4.0,0.0,6.0,0.0,43.3,0.34,-5.7,-0.24,155.0,443.0,35.0,742.0,99.0,41.2,37.3,215.0,63.7,48.6,349.0,13.0,3.7,20.0,0.83,13.7
2022-2023,EreDivisie,Groningen,Peter Leeuwenburgh,NED,GK,28.0,7.5,14.0,2.0,0.0,1.0,0.0,13.3,0.27,-0.7,-0.09,51.0,158.0,32.3,215.0,28.0,52.6,39.9,68.0,66.2,50.4,134.0,6.0,4.5,6.0,0.8,11.9
2022-2023,EreDivisie,Groningen,Jan de Boer,NED,GK,22.0,2.5,12.0,1.0,1.0,0.0,0.0,8.8,0.25,-3.2,-1.26,13.0,67.0,19.4,54.0,9.0,70.4,47.6,29.0,100.0,68.9,59.0,0.0,0.0,1.0,0.4,8.2
2022-2023,PrimeiraLiga,Benfica,Odisseas Vlachodimos,GRE,GK,28.0,34.0,20.0,2.0,0.0,2.0,1.0,20.3,0.26,1.3,0.04,76.0,186.0,40.9,638.0,144.0,22.3,28.1,173.0,25.4,30.4,326.0,20.0,6.1,29.0,0.85,14.9
2022-2023,PrimeiraLiga,Benfica,Samuel Soares,POR,GK,20.0,0.0,0.0,0.0,0.0,0.0,0.0,0.0,0.03,0.0,0.82,1.0,2.0,50.0,4.0,0.0,50.0,31.8,0.0,,,1.0,0.0,0.0,0.0,0.0,
2022-2023,PrimeiraLiga,Porto,Diogo Costa,POR,GK,22.0,33.0,22.0,4.0,1.0,1.0,3.0,25.1,0.27,6.1,0.19,185.0,414.0,44.7,1068.0,153.0,32.3,33.5,202.0,34.2,36.5,402.0,30.0,7.5,41.0,1.24,16.2
2022-2023,PrimeiraLiga,Porto,Cláudio Ramos,POR,GK,30.0,1.0,0.0,0.0,0.0,0.0,0.0,0.0,,0.0,0.0,1.0,1.0,100.0,18.0,4.0,0.0,21.5,5.0,20.0,31.8,10.0,1.0,10.0,4.0,4.0,24.0
2022-2023,PrimeiraLiga,Braga,Matheus,BRA,GK,30.0,31.9,28.0,4.0,0.0,2.0,0.0,30.8,0.25,2.8,0.09,182.0,427.0,42.6,989.0,154.0,32.0,32.6,232.0,47.8,39.2,434.0,34.0,7.8,53.0,1.66,16.7
2022-2023,PrimeiraLiga,Braga,Tiago Sá,POR,GK,27.0,1.9,2.0,0.0,0.0,0.0,0.0,2.5,0.78,0.5,0.25,4.0,11.0,36.4,38.0,4.0,15.8,24.8,17.0,29.4,35.1,17.0,0.0,0.0,1.0,0.54,14.6
2022-2023,PrimeiraLiga,Braga,Lukáš Horníček,CZE,GK,20.0,0.2,0.0,0.0,0.0,0.0,0.0,0.0,,0.0,0.0,1.0,2.0,50.0,4.0,1.0,25.0,35.0,1.0,100.0,48.0,6.0,0.0,0.0,0.0,0.0,11.0
2022-2023,PrimeiraLiga,Sporting CP,Antonio Adán,ESP,GK,35.0,31.0,29.0,4.0,0.0,1.0,1.0,30.6,0.29,2.6,0.08,62.0,187.0,33.2,875.0,147.0,17.7,27.4,150.0,21.3,28.3,244.0,27.0,11.1,28.0,0.9,14.0
2022-2023,PrimeiraLiga,Sporting CP,Franco Israel,URU,GK,22.0,3.0,3.0,0.0,0.0,0.0,0.0,2.2,0.55,-0.8,-0.27,7.0,15.0,46.7,83.0,17.0,7.2,23.0,20.0,45.0,38.0,27.0,5.0,18.5,3.0,1.0,16.7
2022-2023,PrimeiraLiga,Arouca,Ignacio De Arruabarrena,URU,GK,25.0,30.0,32.0,4.0,1.0,2.0,1.0,42.4,0.27,11.4,0.38,176.0,472.0,37.3,715.0,175.0,43.4,36.3,302.0,53.6,41.2,591.0,35.0,5.9,26.0,0.87,13.2
2022-2023,PrimeiraLiga,Arouca,Emilijus Zubas,LTU,GK,32.0,3.0,4.0,1.0,0.0,1.0,0.0,3.6,0.27,-0.4,-0.14,23.0,52.0,44.2,73.0,13.0,38.4,36.5,32.0,75.0,51.3,61.0,3.0,4.9,5.0,1.67,15.8
2022-2023,PrimeiraLiga,Arouca,Mosquito,BRA,GK,26.0,1.0,1.0,0.0,0.0,0.0,0.0,1.6,0.34,0.6,0.65,3.0,5.0,60.0,20.0,9.0,20.0,26.2,5.0,20.0,24.8,20.0,3.0,15.0,0.0,0.0,3.6
2022-2023,PrimeiraLiga,Arouca,João Valido,POR,GK,22.0,0.0,0.0,0.0,0.0,0.0,0.0,0.0,,0.0,0.0,1.0,1.0,100.0,0.0,0.0,,,1.0,100.0,57.0,1.0,0.0,0.0,0.0,0.0,
2022-2023,PrimeiraLiga,Vitória,Bruno Varela,CPV,GK,27.0,27.0,25.0,1.0,0.0,2.0,0.0,30.5,0.32,5.5,0.21,195.0,509.0,38.3,689.0,99.0,46.3,39.3,265.0,71.7,49.8,412.0,23.0,5.6,28.0,1.04,13.4
2022-2023,PrimeiraLiga,Vitória,Celton Biai,POR,GK,21.0,5.0,11.0,1.0,1.0,1.0,1.0,7.6,0.3,-2.4,-0.48,28.0,74.0,37.8,127.0,21.0,44.1,36.5,27.0,66.7,47.9,65.0,4.0,6.2,12.0,2.4,20.5
2022-2023,PrimeiraLiga,Vitória,Rafa,POR,GK,18.0,2.0,3.0,0.0,0.0,0.0,0.0,2.4,0.27,-0.6,-0.29,6.0,24.0,25.0,33.0,13.0,33.3,35.4,21.0,61.9,47.9,19.0,1.0,5.3,5.0,2.5,17.3
2022-2023,PrimeiraLiga,Chaves,Paulo Vítor Fagundes dos Anjos,BRA,GK,33.0,30.0,33.0,5.0,1.0,3.0,0.0,40.8,0.25,7.8,0.26,149.0,391.0,38.1,726.0,183.0,33.7,35.0,297.0,49.2,42.9,608.0,58.0,9.5,47.0,1.57,13.2
2022-2023,PrimeiraLiga,Chaves,Rodrigo Nascimento,BRA,GK,26.0,4.0,7.0,1.0,0.0,1.0,0.0,8.6,0.31,1.6,0.41,12.0,42.0,28.6,71.0,20.0,32.4,33.5,32.0,59.4,43.4,55.0,7.0,12.7,8.0,2.02,17.2
2022-2023,PrimeiraLiga,Chaves,Gonçalo Filipe,POR,GK,22.0,0.0,0.0,0.0,0.0,0.0,0.0,0.0,,0.0,0.0,1.0,4.0,25.0,1.0,0.0,100.0,62.0,3.0,100.0,62.7,7.0,0.0,0.0,0.0,0.0,6.0
2022-2023,PrimeiraLiga,Famalicão,Luiz Lúcio Reis Júnior,BRA,GK,21.0,33.0,45.0,7.0,0.0,2.0,2.0,43.8,0.24,0.8,0.02,197.0,483.0,40.8,757.0,166.0,41.5,36.0,280.0,60.4,47.0,511.0,39.0,7.6,33.0,1.0,13.1
2022-2023,PrimeiraLiga,Famalicão,Ivan Zlobin,RUS,GK,25.0,1.0,2.0,0.0,0.0,1.0,0.0,0.6,0.13,-1.4,-1.36,13.0,31.0,41.9,27.0,3.0,63.0,48.4,19.0,73.7,54.4,32.0,2.0,6.3,0.0,0.0,6.2
2022-2023,PrimeiraLiga,Boavista,Rafael Bracalli,BRA,GK,41.0,28.0,44.0,4.0,0.0,3.0,2.0,45.3,0.34,3.3,0.12,147.0,386.0,38.1,557.0,112.0,45.1,36.8,244.0,55.3,42.9,425.0,36.0,8.5,21.0,0.75,12.2
2022-2023,PrimeiraLiga,Boavista,César,BRA,GK,30.0,5.0,9.0,1.0,0.0,1.0,0.0,6.0,0.34,-3.0,-0.59,15.0,50.0,30.0,92.0,25.0,40.2,35.4,32.0,40.6,39.7,64.0,7.0,10.9,4.0,0.8,10.7
2022-2023,PrimeiraLiga,Boavista,João Gonçalves,POR,GK,21.0,1.0,1.0,0.0,0.0,0.0,0.0,1.3,0.23,0.3,0.3,1.0,8.0,12.5,22.0,5.0,27.3,28.8,5.0,40.0,38.0,12.0,1.0,8.3,0.0,0.0,3.8
2022-2023,PrimeiraLiga,Casa Pia,Ricardo Batista,POR,GK,35.0,31.0,31.0,4.0,0.0,5.0,0.0,42.3,0.29,11.3,0.37,158.0,488.0,32.4,717.0,105.0,39.2,35.3,285.0,72.6,51.8,445.0,31.0,7.0,26.0,0.84,12.0
2022-2023,PrimeiraLiga,Casa Pia,Lucas Paes,BRA,GK,24.0,2.0,7.0,0.0,0.0,0.0,2.0,3.5,0.2,-1.5,-0.75,8.0,31.0,25.8,54.0,12.0,44.4,39.8,15.0,46.7,38.7,38.0,4.0,10.5,4.0,2.0,13.0
2022-2023,PrimeiraLiga,Casa Pia,João,BRA,GK,24.0,1.0,2.0,1.0,0.0,0.0,0.0,1.7,0.25,-0.3,-0.26,1.0,6.0,16.7,17.0,6.0,29.4,31.2,6.0,16.7,27.2,10.0,0.0,0.0,0.0,0.0,11.0
2022-2023,PrimeiraLiga,Vizela,Fabijan Buntić,CRO,GK,25.0,33.0,37.0,7.0,0.0,4.0,1.0,38.7,0.23,2.7,0.08,135.0,363.0,37.2,553.0,181.0,34.4,33.4,331.0,52.3,41.3,635.0,20.0,3.1,36.0,1.09,15.1
2022-2023,PrimeiraLiga,Vizela,Luiz Felipe,BRA,GK,25.0,1.0,1.0,0.0,0.0,0.0,0.0,1.2,0.2,0.2,0.21,3.0,12.0,25.0,13.0,3.0,46.2,38.2,9.0,66.7,47.0,17.0,0.0,0.0,0.0,0.0,7.3
2022-2023,PrimeiraLiga,Rio Ave,Jhonatan,BRA,GK,31.0,32.0,39.0,0.0,1.0,3.0,2.0,42.3,0.28,5.3,0.17,132.0,357.0,37.0,762.0,201.0,29.3,33.6,275.0,48.7,43.2,521.0,30.0,5.8,25.0,0.78,12.2
2022-2023,PrimeiraLiga,Rio Ave,Magrão,BRA,GK,22.0,2.0,4.0,1.0,0.0,1.0,1.0,3.9,0.37,0.9,0.47,3.0,10.0,30.0,43.0,13.0,20.9,32.3,14.0,7.1,19.9,31.0,2.0,6.5,6.0,3.0,17.7
2022-2023,PrimeiraLiga,Gil Vicente FC,Andrew,BRA,GK,21.0,23.7,26.0,2.0,0.0,2.0,0.0,32.2,0.26,6.2,0.26,94.0,255.0,36.9,734.0,193.0,22.9,29.3,212.0,41.0,38.9,323.0,22.0,6.8,46.0,1.94,16.4
2022-2023,PrimeiraLiga,Gil Vicente FC,Stanislav Kritsyuk,RUS,GK,31.0,10.3,15.0,1.0,0.0,6.0,0.0,19.7,0.37,4.7,0.46,56.0,100.0,56.0,314.0,77.0,22.6,28.8,78.0,37.2,35.6,192.0,16.0,8.3,14.0,1.36,14.2
2022-2023,PrimeiraLiga,Estoril,Daniel Leite,POR,GK,24.0,31.7,41.0,7.0,0.0,7.0,1.0,47.0,0.27,7.0,0.22,120.0,351.0,34.2,846.0,172.0,26.6,30.6,287.0,43.9,39.5,510.0,18.0,3.5,32.0,1.01,14.8
2022-2023,PrimeiraLiga,Estoril,Pedro José Moreira Silva,POR,GK,25.0,2.3,8.0,3.0,0.0,2.0,0.0,9.6,0.31,1.6,0.69,9.0,29.0,31.0,56.0,16.0,32.1,33.1,28.0,39.3,38.4,45.0,4.0,8.9,0.0,0.0,4.5
2022-2023,PrimeiraLiga,Portimonense,Kosuke Nakamura,JPN,GK,27.0,30.0,46.0,2.0,2.0,5.0,1.0,56.0,0.3,11.0,0.37,206.0,531.0,38.8,888.0,138.0,39.4,34.7,288.0,62.8,47.8,465.0,14.0,3.0,32.0,1.07,13.4
2022-2023,PrimeiraLiga,Portimonense,Samuel Portugal,BRA,GK,28.0,4.0,2.0,0.0,0.0,0.0,0.0,3.6,0.2,1.6,0.39,24.0,68.0,35.3,111.0,15.0,41.4,37.4,27.0,81.5,57.4,70.0,4.0,5.7,5.0,1.25,14.5
2022-2023,PrimeiraLiga,Marítimo,Marcelo Carné,BRA,GK,32.0,14.0,24.0,3.0,0.0,2.0,1.0,23.9,0.31,0.9,0.07,41.0,154.0,26.6,320.0,69.0,30.3,32.4,131.0,43.5,39.4,208.0,9.0,4.3,15.0,1.07,13.9
2022-2023,PrimeiraLiga,Marítimo,João Miguel Macedo Silva,POR,GK,27.0,8.0,23.0,1.0,0.0,3.0,0.0,22.9,0.42,-0.1,-0.01,42.0,152.0,27.6,187.0,33.0,46.0,39.2,91.0,72.5,51.8,101.0,6.0,5.9,11.0,1.38,13.7
2022-2023,PrimeiraLiga,Marítimo,Giorgi Makaridze,GEO,GK,32.0,6.0,11.0,2.0,0.0,0.0,0.0,8.4,0.32,-2.6,-0.43,23.0,66.0,34.8,172.0,31.0,26.7,31.6,49.0,40.8,37.4,76.0,4.0,5.3,15.0,2.5,16.3
2022-2023,PrimeiraLiga,Marítimo,Matouš Trmal,CZE,GK,23.0,6.0,5.0,1.0,0.0,0.0,0.0,7.3,0.24,2.3,0.39,17.0,55.0,30.9,138.0,27.0,28.3,30.2,44.0,36.4,34.1,86.0,5.0,5.8,8.0,1.33,16.2
2022-2023,PrimeiraLiga,Paços,José Carlos Marafona,POR,GK,35.0,15.8,22.0,0.0,1.0,2.0,2.0,22.8,0.31,2.8,0.18,96.0,237.0,40.5,352.0,53.0,46.3,38.6,120.0,61.7,44.4,287.0,9.0,3.1,13.0,0.82,13.0
2022-2023,PrimeiraLiga,Paços,Igor Vekič,SVN,GK,24.0,9.1,17.0,1.0,0.0,1.0,0.0,15.2,0.42,-1.8,-0.2,55.0,116.0,47.4,201.0,29.0,33.8,31.7,87.0,55.2,43.4,123.0,10.0,8.1,15.0,1.64,14.8
2022-2023,PrimeiraLiga,Paços,Jordi Almeida,BRA,GK,28.0,6.0,14.0,0.0,0.0,1.0,2.0,10.4,0.3,-1.6,-0.27,15.0,86.0,17.4,127.0,34.0,44.1,39.5,66.0,45.5,40.4,86.0,7.0,8.1,5.0,0.83,11.0
2022-2023,PrimeiraLiga,Paços,José Oliveira,POR,GK,20.0,3.0,9.0,1.0,0.0,1.0,0.0,8.6,0.42,-0.4,-0.13,9.0,24.0,37.5,67.0,17.0,22.4,29.3,24.0,37.5,32.5,37.0,4.0,10.8,3.0,1.0,11.0
2022-2023,PrimeiraLiga,Santa Clara,Gabriel Batista,BRA,GK,24.0,26.0,49.0,6.0,1.0,6.0,3.0,44.6,0.31,-1.4,-0.05,219.0,534.0,41.0,669.0,96.0,52.9,41.3,222.0,81.1,56.1,399.0,17.0,4.3,28.0,1.08,14.8
2022-2023,PrimeiraLiga,Santa Clara,Marco André Rocha Pereira,POR,GK,35.0,8.0,9.0,1.0,0.0,2.0,0.0,11.2,0.3,2.2,0.28,45.0,113.0,39.8,210.0,27.0,44.3,39.0,64.0,31.3,34.0,116.0,2.0,1.7,5.0,0.63,14.2
